2.4056803906648,-2.41523607097699,0.250810573090221
3.26738571282424,-1.98651077577326,-1.07510395859792
3.66978229777327,-1.2795368580019,-2.24988679224158
3.55630038967609,-0.393562477110558,-3.10840604787735
2.94284721373866,0.547130202280184,-3.53006906091648
1.91568554714114,1.41062130189219,-3.45570596535329
0.619240632998071,2.07588069001728,-2.89589097458857
-0.764214529506707,2.44971074869023,-1.92948112583739
-2.04019785177368,2.47977806639794,-0.6923859948832
-3.02934891832661,2.16195231939729,0.641549405407338
-3.59266825835888,1.54089048617685,1.88497499750024
-3.65099966509279,0.703743154353851,2.86333340894547
-3.19627655343707,-0.232011663508766,3.43942316345187
-2.29250690804216,-1.13503440086484,3.53256599958011
-1.06678967510889,-1.87861751267866,3.12999884051418
0.308561280057961,-2.35842634645031,2.28847860811932
1.64026736008366,-2.50713807949453,1.12634771256563
2.74121689552132,-2.30385479433553,-0.19311303311922
3.45678509416069,-1.77705120136087,-1.48469797351799
3.68659335494866,-1.00067416839872,-2.56725692050152
3.39847066191887,-0.0836601050322103,-3.28909272730269
2.63307873215576,0.845237516766521,-3.54918092437858
1.49806292319113,1.65555276224903,-3.31143306142854
0.152992589485155,2.23342216390117,-2.60955343014344
-1.21315099025241,2.49758958388,-1.54233537175772
-2.40846475202291,2.41081007518948,-0.259671818390504
-3.26515625155023,1.98517734056037,1.05841763702053
-3.66296291265858,1.28033533511811,2.22708968584967
-3.54625762930193,0.395220759361785,3.08266026577873
-2.93160376086006,-0.545830344503674,3.50547507802097
-1.90549547759832,-1.41054297852457,3.43661040925988
-0.612187844981284,-2.07729516228398,2.8860947686819
0.766620144830427,-2.45222320716184,1.93153921871145
2.03730651716116,-2.48244318419723,0.707093404584947
3.02149592952857,-2.16347668725371,-0.615444774218342
3.58111494071147,-1.5399802680861,-1.85065513329649
3.63772479522548,-0.699428294408939,-2.82548244052712
3.18358643551732,0.240068413035155,-3.40352524114104
2.28264784751506,1.14635613742368,-3.50406452982443
1.06156176557416,1.8919042281366,-3.11341933374495
-0.308125848805443,2.37170886059185,-2.28671788136137
-1.63409854307031,2.51806929344128,-1.14016222829242
-2.73021891678415,2.31015598285082,0.165268040997174
-3.4427000158091,1.77692518971207,1.44649745930411
-3.67169274777672,0.993216006597554,2.52396721371396
-3.38517879699558,0.0691092388531354,3.24681496314519
-2.62359432710497,-0.865425002299597,3.51393946782414
-1.49397503170198,-1.67884118512051,3.28829135694159
-0.155008007633614,-2.25652853183714,2.6018558458763
1.20531440755004,-2.51699294582279,1.55120323762838
2.39602287229459,-2.42327838457433,0.283844389551448
3.25006675932125,-1.98832466240326,-1.02238062266872
3.64760068996838,-1.27306123290873,-2.18430092877672
3.53302863334024,-0.377957204152154,-3.03914686102198
2.92258833386171,0.571119553406139,-3.46729932443783
1.90208895125542,1.44059576882026,-3.40900675709857
0.614893008810444,2.10798208151699,-2.87272375670956
-0.75825816395449,2.47913501017808,-1.93398361319648
-2.02462263219812,2.50157398961875,-0.72469042819444
-3.00647899130484,2.1718232606758,0.585475558618507
-3.56608802797609,1.53602946742977,1.81275679524555
-3.62499510090863,0.683404412354316,2.7850879316862
-3.17506521798396,-0.266176361680372,3.36626185293405
-2.27956018932973,-1.17908140499346,3.47495895470522
-1.06429008695861,-1.92677882118049,3.09617363380818
0.300084205831934,-2.40391568532645,2.28327305036643
1.62204730546121,-2.54310840435383,1.15046871353824
2.7160410860058,-2.32453010601994,-0.143167583389016
3.42856250722531,-1.77862259739578,-1.41612008759386
3.65970867642152,-0.982002614595012,-2.48982422410041
3.37708084220832,-0.0465558261782898,-3.21373820520716
2.62049670296443,0.896184595509543,-3.48638656320997
1.4962273389677,1.71356650051766,-3.26974645264861
0.162147315464208,2.29049522831209,-2.59437609921968
-1.19446501562497,2.54567212243205,-1.55520105455849
-2.38315674134615,2.44294322007798,-0.29811648576097
-3.23712444950067,1.99656202215,1.00037617444648
-3.63649037467998,1.26906515491474,2.15802924640891
-3.52530587074921,0.362581236705792,3.01245182148592
-2.91929107685323,-0.595537214898389,3.4438481591424
-1.90356566924213,-1.47060055103257,3.3917894755688
-0.620781222832724,-2.13951767764264,2.86368280142657
0.74895023002337,-2.50810576914402,1.93378382118822
2.01335396460739,-2.5244190839873,0.732726710013902
2.99493862611881,-2.18593248129949,-0.570921159903298
3.55593310089155,-1.54005225975089,-1.79419273213517
3.61763429560506,-0.677339679203861,-2.76539244280194
3.17146621438856,0.281070866577476,-3.34825098282791
2.28009247494002,1.200529815108,-3.46099645794013
1.068717844954,1.95185208203928,-3.08784640628474
-0.292539612385837,2.42945279011788,-2.28124103923861
-1.61257806249668,2.56610467718697,-1.15444517827637
-2.70606946229986,2.34250728854511,0.134314184748477
-3.41952572969682,1.78987123774692,1.40412886944864
-3.65284814666777,0.985712203528165,2.4767321379535
-3.37327237052444,0.0428226279034155,3.2015517105523
-2.62014462345131,-0.906465561375206,3.47679136615001
-1.4992339032237,-1.72889438880002,3.26386914178683
-0.167934028185067,-2.30898866723668,2.59265668106906
1.18684659742764,-2.56531670617469,1.55740062262692
2.37487727095156,-2.46176890498938,0.303411659000403
3.22938652401288,-2.01283797185477,-0.993202395811538
3.63038426873042,-1.28141945054067,-2.15037580273913
3.52160491188514,-0.370061796774419,-3.00563761174574
2.91841024567124,0.593440303219892,-3.43891836245991
1.90549338886374,1.47395832885583,-3.38935574590496
0.6251001861104,2.14797368762194,-2.8638763579552
-0.742984454422977,2.52091064971157,-1.93623942310388
-2.00668650615832,2.54049267354584,-0.736700845931822
-2.98857439014166,2.20390631530387,0.566388788433031
-3.5507726666636,1.55833701095971,1.790087234501
-3.61437214359427,0.694216478836999,2.7625716644963
-3.17049141125604,-0.267313067203567,3.34727922110293
-2.28142299395842,-1.19144395305067,3.46206140146069
-1.07202671977608,-1.94865370591266,3.09071852523481
0.287850218754489,-2.43285383577046,2.28534684809488
1.6072753354136,-2.57614347104631,1.15893253860647
2.70099080395969,-2.35850788485024,-0.130359186950483
3.41543312210499,-1.81044916309229,-1.40154363791647
3.65034851595464,-1.0088074906034,-2.47612170370999
3.37272287343996,-0.0658918121162052,-3.20321847867451
2.62152098791538,0.886182412964445,-3.48062112198354
1.50222348509359,1.7140256273797,-3.26935541796923
0.171989621185957,2.30168771120802,-2.59898822694559
-1.18240876450656,2.56691168856983,-1.56357643200728
-2.37080399489852,2.47255132013666,-0.308410191032238
-3.22634253152167,2.03193032544959,0.990305296985711
-3.62886677371323,1.30682785742424,2.15022353692162
-3.52184285366604,0.398869113288952,3.00844776714401
-2.92031138396396,-0.564736631569715,3.44443973704981
-1.90871405686077,-1.44904316515101,3.39692769220769
-0.629077711279837,-2.13019025870971,2.87245813515369
0.738946170547318,-2.51279323753467,1.94456620807047
2.00328418851019,-2.54341101712499,0.743451172707795
2.98642187347891,-2.21784425949439,-0.562300183480631
3.55026448401683,-1.58181423874842,-1.78937789916569
3.61562952599065,-0.724468906587838,-2.76550956362752
3.17337755755779,0.234024543085274,-3.35357542076712
2.2855356506715,1.15936735019827,-3.47092441576985
1.07672346219158,1.92199072081425,-3.10095261451268
-0.283354997946621,2.41517510608148,-2.29552534174196
-1.60375838511834,2.56990984725187,-1.16760781162912
-2.69910206118743,2.3646894998166,0.124485868474361
-3.41558501267364,1.82837312856379,1.39938791693116
-3.65261742615032,1.03623953123577,2.47808330994931
-3.37687725007782,0.0993584934858925,3.20910089080728
-2.62699047771317,-0.850976565100787,3.48967895404209
-1.50821169348547,-1.6816343597286,3.2803896471868
-0.177574427763561,-2.27632127667099,2.61049203897996
1.17812949507062,-2.5518847578368,1.57395905030084
2.36857066756821,-2.46981682731888,0.316219140245942
3.2266105997971,-2.04181916512578,-0.986180572171502
3.63175546389061,-1.32802897073357,-2.15039357485604
3.52704435323681,-0.428587557594222,-3.01293136122763
2.92714984324926,0.530370796385872,-3.45265534548202
1.91624100405332,1.41448402171221,-3.40777202227068
0.6362085299535,2.09988144169727,-2.88445603393245
-0.733278289352373,2.4905673269226,-1.956077441209
-1.99996963547314,2.53201232292688,-0.752910184933844
-2.98603714870216,2.21859709355623,0.55617762819712
-3.55298788628889,1.59446750348258,1.78741178150579
-3.62119771036173,0.747260674839301,2.76796676868681
-3.18107887173563,-0.204150396860321,3.36011922194903
-2.29434904719794,-1.1263072026644,3.48066121001023
-1.08543479371121,-1.8899655280282,3.1125628550319
0.275969281789438,-2.38819886409953,2.30747389391747
1.59876702153383,-2.55126695953923,1.17831607192532
2.69726345167721,-2.35654544663509,-0.116417453156682
3.41723380646224,-1.83152131290366,-1.39499949840776
3.65759565768461,-1.05000461639537,-2.47791715713537
3.3845845049186,-0.121766263499939,-3.21315073687751
2.63643631154715,0.822929801867624,-3.49738410201029
1.5181547767204,1.65157070034838,-3.29074181763434
0.186675040840484,2.248001418889,-2.62214360386711
-1.1711171901613,2.52875313823016,-1.58541381815753
-2.36462756103117,2.45456905094913,-0.326009700095174
-3.22631376900315,2.03606900501255,0.979295709056116
-3.63522250491497,1.33217491012845,2.14727578561475
-3.53386681556271,0.441794190274254,3.01396510200294
-2.93646718094012,-0.510003495925652,3.45769441995589
-1.92684082933893,-1.38966402429104,3.41616123729665
-0.646697628591929,-2.07376730659424,2.89511895353036
0.724290322978811,-2.46634975134232,1.96764962122655
1.9936846627999,-2.5125243096255,0.763927158534942
2.98330776386809,-2.20599466031278,-0.547109745314796
3.55419777963642,-1.58999176972652,-1.78144338767605
3.62622439132992,-0.751152837655553,-2.76585266581231
3.18928264170551,0.192666438089774,-3.36213110391164
2.30467507653834,1.1088873143642,-3.48655116958457
1.09654695071415,1.86889578572896,-3.12157927343045
-0.265516208524596,2.36608913748208,-2.31847828841331
-1.59033686070703,2.53072937835701,-1.18992010391891
-2.69196012194354,2.33989637618278,0.105675670580434
-3.41575939329879,1.82055085086791,1.38648651333396
-3.66014870281981,1.045744865645,2.47272780737396
-3.39083054543741,0.124421763942086,3.21197055289435
-2.64558123617418,-0.813956705899492,3.50040042882764
-1.52903147828497,-1.63757496886542,3.29763227256557
-0.197879394578428,-2.2307839071159,2.6320962597238
1.16103407413949,-2.51040566903332,1.59721976783852
2.35697248429426,-2.43722685406133,0.338188237527929
3.22208178576979,-2.02162323433604,-0.968304267792035
3.63497646272772,-1.32208993125975,-2.13891004507295
3.53765340219539,-0.436965815988444,-3.0093596422534
2.94379860053843,0.509291571038327,-3.45751876433727
1.93676257460358,1.38375537511237,-3.42052866722546
0.657924548224866,2.06356325238008,-2.903557644396
-0.713214945746672,2.4531677043689,-1.97913620996019
-1.98420070650328,2.4979146218893,-0.777014353835978
-2.976651815057,2.19157528048075,0.534118921548711
-3.55122785709859,1.57726751824121,1.7702687144539
-3.62732799432595,0.741384219806829,2.75800459998348
-3.19432178859435,-0.19861640385835,3.35873373137708
-2.31298969024498,-1.11061152106981,3.48817224109739
-1.10705131075466,-1.8664405780683,3.12810226184899
0.25420452392429,-2.35990671822435,2.32911068570145
1.57970827506547,-2.52160330272179,1.20330783423578
2.68341709146683,-2.3288374868478,-0.0912877100184676
3.4104323644994,-1.80870768714794,-1.37303403803118
3.6587328626377,-1.03427579660631,-2.46207546288984
3.39350092673128,-0.114377502826555,-3.20564115252094
2.65197199929008,0.821702538263294,-3.49935273129106
1.53828891404387,1.64238776364218,-3.30212083284528
0.208759862211123,2.23229707845775,-2.64162878336643
-1.14999422231016,2.50853002788183,-1.6105784653866
-2.34726009469828,2.4321704159308,-0.353593787947138
-3.21500583005574,2.01384671816408,0.952953680748049
-3.63148461723298,1.31226257157864,2.12575231857279
-3.5382099783446,0.425924845004452,3.00028209812286
-2.94832536534136,-0.520582155681139,3.45387219230193
-1.94463328977342,-1.39426821043998,3.42293224260067
-0.668045265352979,-2.07228885695539,2.9117933623159
0.702247369550802,-2.45920650998296,1.99216758990172
1.97390619922048,-2.50053672066473,0.793084328681324
2.96845585855184,-2.19032040848685,-0.517232447625031
3.54625233867873,-1.57201209362486,-1.75494931482938
3.62626244552686,-0.732417933226957,-2.74644073206467
3.19729141707067,0.210586579302685,-3.35262323909511
2.3195495545626,1.12450837943172,-3.48847470179277
1.11625786569855,1.88088082197364,-3.13485506652444
-0.24367391502345,2.37332359699074,-2.34141501469958
-1.56936063785651,2.53240980488095,-1.21947363466235
-2.67472873116056,2.33560232149766,0.0735333763414969
-3.40464171748822,1.81038299862516,1.35621924276024
-3.6566449548784,1.03033671101824,2.44864247412049
-3.395391698789,0.104925864198854,3.19754650839497
-2.65753021986791,-0.835876387296,3.49779569290593
-1.54666962847429,-1.65985940407245,3.30735630915842
-0.21872391037715,-2.25112928955469,2.65293516207792
1.13991567807232,-2.52647244396579,1.62634126019737
2.33854917965769,-2.44695682027266,0.371560126912942
3.20894044782365,-2.02347041679843,-0.935366927731529
3.62895285829052,-1.3152554335,-2.11108113335013
3.53956913391884,-0.421583568664984,-2.99066240164105
2.953367871675,0.532067759616622,-3.45070112981852
1.95260772138426,1.41175562509546,-3.42667250157981
0.67775022674658,2.09380843187146,-2.92192345017468
-0.692270928407461,2.48219220431659,-2.00723629699766
-1.96516053777823,2.5221103747345,-0.810901945860467
-2.96226223687972,2.20766192278999,0.499257499786133
-3.54354961426546,1.58270840960214,1.73942966551026
-3.62746809599546,0.734832547462675,2.73561365533587
-3.20224815618968,-0.217031118330571,3.34804367324228
-2.3275223133879,-1.13925754810214,3.49079000681586
-1.12605155992842,-1.90226588029276,3.14369083411409
0.233542512673114,-2.39874557997511,2.35542519744376
1.56043552199172,-2.55867686227762,1.23658023935928
2.66838268113809,-2.35930027609766,-0.0558608255520973
3.401866757759,-1.82837045607686,-1.34057113029339
3.65789913945206,-1.04017758028261,-2.43729907446454
3.40052607007732,-0.105206405188034,-3.19211832291688
2.66580117528074,0.845328677243713,-3.49900196730393
1.55684297685461,1.67793849376762,-3.31491150903039
0.229274815255769,2.27558040634429,-2.66562332809762
-1.13058877314917,2.55415327811247,-1.64219400043763
-2.33188315184683,2.47429497323259,-0.38818917711314
-3.2059882735754,2.04692490304857,0.920428385976124
-3.63023242081592,1.3317878463994,2.09999344692629
-3.5449632959048,0.429061498765799,2.98500316250918
-2.96211744314356,-0.534597097710138,3.4512019027182
-1.96346316605343,-1.42391090149465,3.43313371472089
-0.689117765222464,-2.113952437984,2.93327001250012
0.682084259048308,-2.50767034736042,2.02169729626624
1.95769884380566,-2.54959577729344,0.8262552006404
2.95868944198988,-2.23362041285005,-0.485312580921582
3.54446797328242,-1.60384853704917,-1.72894352791162
3.63281886729888,-0.74853113514825,-2.73005188921152
3.21133830509977,0.212373680785294,-3.3481113140548
2.33908706842458,1.14404888321722,-3.49633137758449
1.13844119957486,1.91568418558101,-3.15375378839756
-0.222127341857539,2.41888733491565,-2.3683897532612
-1.55167865459172,2.58286551579352,-1.25043611347544
-2.66360510828078,2.38440528306629,0.0432251008299194
-3.40182935734162,1.85124385457739,1.33102359190804
-3.66268973759435,1.05808165810568,2.43219435696985
-3.40953315789579,0.116133048815038,3.19209033798073
-2.67778962171206,-0.84243692291985,3.50389619774084
-1.5701209596087,-1.68312437650282,3.32381108134192
-0.24196381245159,-2.28790543330361,2.67702734206427
1.1203056995575,-2.57184097866221,1.6542561492372
2.32549875173645,-2.49503758188331,0.399045126341198
3.20445556053248,-2.06818523222911,-0.912399554191258
3.63383111280749,-1.35112936799353,-2.09591953721523
3.55324464259959,-0.444412301185009,-2.98536950411321
2.97395621900553,0.524742091504853,-3.45579023863612
1.97724355525089,1.42034825201942,-3.44107803649677
0.70293364483353,2.11673029825986,-2.94321755061599
-0.670154428729685,2.51618119280909,-2.03204387871477
-1.94932219808569,2.56266863706001,-0.835381325222164
-2.95504437820415,2.24971386529499,0.478769863682991
-3.54608466331518,1.62121237373483,1.72589983971714
-3.63948759789426,0.76538706877677,2.73083797960437
-3.22215494435149,-0.197642031714566,3.35246165309
-2.35259180969987,-1.13278386515537,3.5034420450207
-1.15279880018047,-1.90885224309016,3.16243508901149
0.208870466459927,-2.41704039006351,2.37725584185302
1.54132065149329,-2.58614214436514,1.25812613260328
2.65754298827895,-2.39250009208837,-0.0378585742066064
3.40086817839668,-1.86343373775106,-1.32872091228036
3.66694316869791,-1.07327810606608,-2.43320141495393
3.41841506927737,-0.132950568222895,-3.19612297883876
2.69007758351281,0.825568912965629,-3.51022224976388
1.58414602179094,1.66787039377597,-3.33136937288139
0.255844207105435,2.27587708911818,-2.68459837538421
-1.10841130007594,2.56441376824873,-1.66065754845748
-2.3171440458026,2.49323202470641,-0.40334333496909
-3.20070252844425,2.07252036735831,0.910783972801071
-3.63510924903279,1.36152309571382,2.09711868507333
-3.55932063510795,0.460115834094308,2.98908313319915
-2.98395581057603,-0.505167671434846,3.46134120972532
-1.98980234538606,-1.39889994585425,3.44752732932338
-0.716378931781076,-2.09579793135042,2.94952072927162
0.657576657559903,-2.49830223874798,2.03724572675842
1.93921461381624,-2.55019909664637,0.838733402890191
2.94865238982105,-2.24453458224241,-0.477681234949809
3.54414080867173,-1.62443110866558,-1.72712722844448
3.64213056519758,-0.777104747600604,-2.73408266439529
3.22893480683574,0.178417534604748,-3.35713480190554
2.36256106158465,1.10807593877468,-3.50877945133154
1.16462829745777,1.88152748449886,-3.16763568880848
-0.196708052196254,2.39047685302544,-2.38157896420828
-1.53034575466516,2.56383657043263,-1.26101305451232
-2.64907733717261,2.37756433952939,0.0367277154782486
-3.39587878943466,1.85814028205142,1.32938731620289
-3.66593056356455,1.07871272033602,2.43545064661476
-3.42137514413152,0.148808669616918,3.19952769504675
-2.69653471066083,-0.801002629348619,3.51423193045668
-1.5932093631456,-1.63756608071343,3.33539049810382
-0.266340727369741,-2.24369450263585,2.68809521954171
1.09777660653205,-2.53459707626128,1.66321919704854
2.30762782017091,-2.46983674703829,0.404728661570225
3.19337578344185,-2.05884366881894,-0.91063809693228
3.63073147279574,-1.35962123860588,-2.09810841143591
3.55829603199368,-0.470499151106617,-2.99096160521929
2.98626865016943,0.483663655245367,-3.46378181679395
1.99505756500099,1.36900094318798,-3.45017297977134
0.723880194406852,2.06143396622568,-2.95201699980382
-0.648742317415424,2.464068843857,-2.03932241991862
-1.93006488442842,2.52071524980296,-0.840227488508791
-2.94019353432248,2.22382786901844,0.476831267993916
-3.53727400230197,1.61538254452354,1.72690113082484
-3.63753657142489,0.780994250420866,2.73440568128108
-3.22703134550425,-0.162099587200178,3.35790624928819
-2.36347883932835,-1.08154828068575,3.50988527217386
-1.16820632228111,-1.84840991248313,3.16899955117487
0.190891656331917,-2.35528056350516,2.38313997346672
1.52292765039288,-2.53135320922197,1.26271391850387
2.64084309086457,-2.35219263831772,-0.034956198113004
3.38768398488675,-1.84324475680894,-1.32763955666488
3.65862387366371,-1.07616424392524,-2.43386055087578
3.41571633839874,-0.158750846583285,-3.19826146531404
2.69313356592394,0.780151447383637,-3.5134847551878
1.59244512919596,1.60885846695334,-3.33534533856501
0.268330883000873,2.21121473842243,-2.68890854487323
-1.09319564770153,2.50285234279671,-1.66494956212814
-2.30089426317715,2.44310892455459,-0.407302039434511
-3.18516882880643,2.0405942214949,0.907421925112124
-3.62189995913772,1.35202936982157,2.09456906659039
-3.54980713220389,0.474215917249409,2.98751884843172
-2.97909451365297,-0.469588752469808,3.46092156560653
-1.99005319360176,-1.34692285706506,3.44837030821547
-0.721689164348308,-2.03472296708591,2.95163523175636
0.647772715183012,-2.43657710429416,2.04055661770973
1.92593964880832,-2.49620459776385,0.843076372411644
2.93328794249615,-2.2054355864497,-0.47260863794796
3.52832040121523,-1.60523787720857,-1.721768188186
3.62753213295613,-0.779954698711068,-2.72901119523033
3.21714087976754,0.154503329218518,-3.35298524276751
2.35489637493037,1.06696013614932,-3.50614918876498
1.1620236097247,1.82933864521434,-3.16705838239786
-0.193833648306687,2.33466843716101,-2.38339377221953
-1.52216219866965,2.51212100826202,-1.26527143078926
-2.63635392355532,2.33683647945849,0.0302931132586203
-3.37992607603355,1.83347541084999,1.32139101726709
-3.64849942003123,1.07272242827592,2.42680853007685
-3.40443768374981,0.161395082538531,3.19135192186445
-2.68211475132264,-0.772512215174736,3.50770080639335
-1.5831058218358,-1.59791010652135,3.33157059723133
-0.261906645400022,-2.19890689727219,2.68780167405756
1.09581766568745,-2.49107831040917,1.66682433692155
2.29930369854164,-2.43339729284184,0.412043002011387
3.17950094654814,-2.03391062913083,-0.900342873904009
3.6128196700912,-1.34867044795282,-2.08603878483805
3.53846112591235,-0.47388315786551,-2.97866427826428
2.96694017393935,0.467636282944173,-3.45296846016681
1.97867099603114,1.34368348011405,-3.44247316360299
0.712582523144688,2.03119967778393,-2.94869738373538
-0.653388453244235,2.43356311448197,-2.04109158000526
-1.92730419701796,2.49412675273465,-0.847142036624218
-2.93020442526263,2.20428813486968,0.465463719743996
-3.52119189544964,1.60465983363781,1.71243543203891
-3.6173040795589,0.779340108998945,2.71871967722774
-3.20517746860262,-0.155834219371406,3.34313363662262
-2.34278895592784,-1.06954964684458,3.4981194329627
-1.15138559091088,-1.8334227416099,3.16200016432392
0.201588842045469,-2.34006040786092,2.38206815703793
1.52601956152071,-2.51817351627417,1.26793988082113
2.63583555466196,-2.34255646794085,-0.0238958722185682
3.37515203946633,-1.83767843885669,-1.312057955635
3.64019487932673,-1.07427262064272,-2.41575754011052
3.39376460187779,-0.159420080086793,-3.18007596268516
2.67056502148828,0.778400734040217,-3.49775423676366
1.57227016486458,1.60744238123441,-3.32435463611464
0.253243542137092,2.21114816738619,-2.6843925038217
-1.10117742481651,2.50452163695501,-1.66778479531943
-2.30071020577214,2.44613504283827,-0.417313972434043
-3.17687047815069,2.04393265966336,0.89140205776388
-3.60660644942154,1.35415322138186,2.07459390454508
-3.52961487178031,0.473538878518442,2.9662540390342
-2.95678745709134,-0.474285003031021,3.44130337223705
-1.96867240815964,-1.35618561289143,3.43320024174812
-0.704120470035085,-2.0481765504617,2.94316101204307
0.659194861064959,-2.45285932682392,2.04013402828667
1.92975146370491,-2.51310838674692,0.850987110623089
2.92909206966304,-2.2201751855648,-0.45727807533612
3.51683579244496,-1.61498630266373,-1.70098950772477
3.61047942328585,-0.782348167659169,-2.70557522986033
3.19698048962898,0.160901084074906,-3.33010985585259
2.33444146869223,1.08230180950123,-3.4870448721599
1.14409146451263,1.85234307480027,-3.15444430205513
-0.206835442353553,2.36268391076622,-2.37911682660159
-1.52857483439229,2.54139806193119,-1.27004275533747
-2.63548619241501,2.36313053892957,0.0169818678055694
-3.37213100123401,1.8526614779002,1.30126225512104
-3.63512956832444,1.08147886385689,2.40256270931604
-3.38755281135897,0.157722824690831,3.16633713624968
-2.66421585942906,-0.788876138045262,3.48542270429007
-1.56676236818893,-1.62531000502094,3.31518193557615
-0.249374103371358,-2.23396340178762,2.67970625170747
1.10291622359323,-2.52914655429189,1.66829274927498
2.30019268534959,-2.46916534705618,0.422976041346656
3.17434138154986,-2.06220740749602,-0.881364274678835
3.60261709384361,-1.36517685898028,-2.06161416806115
3.52491762066428,-0.475845257711421,-2.95218454924533
2.95223462162683,0.480929583787948,-3.42817821713716
1.96505000566816,1.37075924257523,-3.4229427208982
0.702008520623599,2.06855723330397,-2.9373067772097
-0.659501424510464,2.476152780929,-2.03957263333704
-1.92828351809806,2.53609786689163,-0.85584115570668
-2.92619078792639,2.23973062230156,0.44770452305724
-3.51308777819575,1.62852657668006,1.68809256009259
-3.60660825453601,0.788192060713898,2.69125582829233
-3.19372889935747,-0.163305933473414,3.31649130659244
-2.33241452072318,-1.09234827015024,3.47615043260976
-1.14367361645657,-1.86840714280884,3.1478990432936
0.205548464223242,-2.38238741476248,2.37790392388315
1.52579293452261,-2.56193841316342,1.27434107883152
2.63168914806378,-2.38172025654027,-0.00781472682286671
3.36798449402116,-1.86691388251647,-1.28860506131672
3.63137938496311,-1.08974437850604,-2.38832424151404
3.38489083440772,-0.159248158288157,-3.15267667286244
2.66315558415983,0.793895572300528,-3.47442091014691
1.56756187725566,1.63580777941283,-3.30851653074444
0.251981755424221,2.24819965848201,-2.67837839257783
-1.09885916194511,2.54501344968068,-1.67250904221481
-2.2952984897113,2.48448385431556,-0.432090409135968
-3.1693789662273,2.07506811937207,0.868750923781555
-3.59840723791934,1.37414958267459,2.04744582174042
-3.52216581607687,0.480137538831047,2.9386610439192
-2.95142656723563,-0.4814204481271,3.41741981761744
-1.96639771747831,-1.37549580769558,3.41665036991838
-0.705383019158123,-2.07649440872665,2.93651759448195
0.654549371000858,-2.4859456435177,2.0444664513202
1.92245901137879,-2.54635835255182,0.865693645709418
2.92035044262324,-2.24918684860739,-0.434411576315803
3.50810531334407,-1.63618186156698,-1.67343937650461
3.6032468934498,-0.793417666284726,-2.67757127609045
3.19253521306427,0.160719701209617,-3.30596719847515
2.33360599284791,1.09224459322183,-3.47051203251236
1.147119583069,1.87036561984371,-3.1481222573924
-0.200313309105813,2.38584229515447,-2.38404890590036
-1.51950129276194,2.56627111515298,-1.28551169718462
-2.62523385046417,2.38639046883139,-0.00666421960044022
-3.36228553181238,1.87150856514444,1.27308997436221
-3.62725018002561,1.09402222243207,2.3742363950118
-3.38292506870724,0.163104349133808,3.14230420933604
-2.66362679393732,-0.790506187661452,3.46949539419365
-1.57039835680895,-1.63291348824044,3.30992963213257
-0.256776637556801,-2.24587091125716,2.68599588657508
1.09278748020816,-2.54340826575968,1.68522714636151
2.28880496865706,-2.48381723352578,0.447978858086667
3.16336682409152,-2.07561404037638,-0.852166902559329
3.59371053555052,-1.37616126894635,-2.03281729406019
3.51939785275973,-0.483739863444082,-2.92837154729939
2.95093048027276,0.476305125820002,-3.41321101002275
1.96819781903831,1.36918116701551,-3.41933010118619
0.709180895814221,2.06954250354289,-2.94584248293292
-0.649321129807766,2.47912625799296,-2.05912046952673
-1.91654917466729,2.54058833355999,-0.883486945828338
-2.91457981727275,2.24537224910248,0.416213384864438
-3.50324167997733,1.635054613987,1.65769259914828
-3.59990162377557,0.795398966773274,2.66682648041739
-3.19109623721238,-0.155596679983845,3.3020377363611
-2.33420138710638,-1.08439462936321,3.47419001772471
-1.14958049297159,-1.8606423434786,3.1590270046563
0.196403493861732,-2.37544359750827,2.40067042917086
1.51473597295842,-2.55657663583375,1.30541035965189
2.62029265837434,-2.37877598826314,0.0268261844768177
3.35783355080959,-1.86712859657414,-1.25578335866852
3.62384835673493,-1.09363350917801,-2.36251329588084
3.380972288778,-0.166939669877498,-3.13809510027682
2.66327737630116,0.782811369232107,-3.47361200035311
1.57158426787031,1.62230124503395,-3.32191288519209
0.259225363776374,2.23374340195199,-2.70414796816146
-1.08949999413501,2.5314314020513,-1.70688212902845
-2.28518464491576,2.4736654995251,-0.46990476054144
-3.15992306445295,2.06874822941422,0.833311983455751
-3.59089635345475,1.3736274438901,2.01996353113268
-3.51752658354034,0.485971679716387,2.92357122854885
-2.95014609998788,-0.469569547050404,3.41731978815239
-1.96847623634569,-1.35886453343965,3.43184255725214
-0.710362460387455,-2.05709100625104,2.96498273135415
0.647508478228779,-2.46629460437802,2.08207703361912
1.91443773093999,-2.52920919125241,0.906832620728542
2.91250702698974,-2.23708658399874,-0.395981402219954
3.50149181781444,-1.63104625497719,-1.64364660774813
3.59867523926669,-0.796218801657246,-2.66114408354824
3.1904836184931,0.150120193324185,-3.30564135723809
2.33420171167234,1.07510751902452,-3.48662127242459
1.15008003950405,1.8489400340269,-3.17850433197008
-0.195586670662789,2.36307214046034,-2.42436103206796
-1.51381675253347,2.54535849112448,-1.32982456019702
-2.61947749509274,2.37033788521032,-0.0483402027778689
-3.357287794528,1.86264074125256,1.24036823047511
-3.62364288493572,1.09363875651908,2.35548288432273
-3.38113307373899,0.171311531424469,3.14049333633746
-2.66374082444476,-0.774857927481709,3.48509372773396
-1.5722096023981,-1.61209162222899,3.34078666493533
-0.259826075819829,-2.22292244880987,2.72761874078864
1.08911431789991,-2.52169827037974,1.7314845518092
2.28517205809684,-2.4664921527754,0.49202617665704
3.16037531225402,-2.06515516836728,-0.816909789529956
3.59182979320753,-1.37405793686788,-2.01166212936209
3.51885732901914,-0.490216761463452,-2.92452627176078
2.95168729220548,0.462319505959852,-3.42731110705593
1.96996877500565,1.34989933418393,-3.44930883070517
0.71153954285269,2.04795265265784,-2.98726961159941
-0.646898034746796,2.45849717037748,-2.1058419922149
-1.91458627865732,2.52401582427846,-0.928573649827782
-2.91351139553081,2.23532063695688,0.37940747433122
-3.50332809688508,1.63294982497521,1.63457235688762
-3.60119560712805,0.801419760145885,2.66076227951401
-3.19339601694838,-0.142566970051391,3.31384928541557
-2.33715225954828,-1.06652621662254,3.50205328326407
-1.15265533944013,-1.84082187489991,3.19876583237921
0.193787358881087,-2.3568313004492,2.44642299941118
1.51312955595283,-2.54209483816009,1.3504520114375
2.62011943966149,-2.37065001164587,0.064583662990116
3.3593155855741,-1.8665208255202,-1.23074104797202
3.62690182604449,-1.10044494866045,-2.35366463446251
3.38532524591969,-0.17991110238339,-3.1465165084635
2.66840190589775,0.765919717510191,-3.49785294113722
1.57676756387454,1.60435292683014,-3.35824091223229
0.263662228002564,2.21775365331505,-2.74711010698111
-1.08657903086758,2.52007892880594,-1.75014946655393
-2.28439488342823,2.46882151112093,-0.507217065171582
-3.1616158215275,2.07116808138302,0.807240923409596
-3.59511718380389,1.38288795554777,2.00867498565862
-3.52394050713893,0.500506609770559,2.92837618833997
-2.95803837721753,-0.452205504871289,3.43715489612826
-1.97682673414335,-1.34161860302711,3.46346495934064
-0.718030614949559,-2.04292722503149,3.00350770447499
0.641670055567773,-2.45766818021407,2.12173070186731
1.91141720246159,-2.52767455725996,0.94186308853788
2.91297965271629,-2.24306699558049,-0.370473328279536
3.50569717417729,-1.64373211565999,-1.63102857428336
3.60636483973469,-0.8136972494324,-2.66280962300796
3.20085458625334,0.130635090338254,-3.32086771754954
2.34606259175012,1.05677507192971,-3.51274216802144
1.16191405583701,1.83479495538542,-3.2113650682874
-0.185402195420439,2.3555472048051,-2.45902437696676
-1.50680254232016,2.54587865213393,-1.36127582773014
-2.61683115841174,2.37907116757761,-0.0722405847371782
-3.35969538420449,1.87845963278283,1.22708426372114
-3.63110359832036,1.11420461598107,2.3542096069353
-3.39299274686734,0.19350462452384,3.15084612481051
-2.67870788635678,-0.754481487900115,3.50504706316591
-1.58847175867645,-1.59676679132048,3.3670757230229
-0.275248727254544,-2.21516688717617,2.75624616132722
1.07669183680634,-2.52293454625033,1.75834090527764
2.27763892070058,-2.47678401651121,0.513465524968227
3.15906517758352,-2.08312070451368,-0.803561915787231
3.5973304746185,-1.39713286444482,-2.0077795818864
3.53085002528286,-0.515006302972108,-2.9300694635175
2.96890604442764,0.439508756011183,-3.44091690928288
1.99032522327569,1.33252806885324,-3.46856447170649
0.732422133292707,2.03872688010394,-3.00914226400362
-0.628320700402233,2.45893670320383,-2.12714269644808
-1.90098006972533,2.53419093044092,-0.946443151053876
-2.90699507718604,2.25387286002093,0.367129751872828
-3.5051463112544,1.6572760805006,1.62910045852968
-3.61151987948522,0.828075562375921,2.66226635782068
-3.21118990062823,-0.117433635907079,3.32154654539859
-2.36031769000335,-1.04656593580431,3.51440102924006
-1.17824620090917,-1.82893020217693,3.2137147007135
0.169179375140633,-2.35473698175213,2.46179161907927
1.49292540588027,-2.55010629442726,1.36424260071316
2.60727294956233,-2.38761433592624,0.0752334142101573
3.35588310596145,-1.89002477651781,-1.22422343706779
3.63368690719057,-1.12710667772488,-2.35164567804523
3.4017486967292,-0.205928432124874,-3.14875710289529
2.6925627691388,0.744220337452393,-3.50363326255851
1.60562546378222,1.58997575324402,-3.36655452595239
0.293393765135558,2.21261072341122,-2.7568262671732
-1.0600447142185,2.52475709390034,-1.76014134512485
-2.26481445413264,2.48253316927347,-0.516471096000884
-3.1518930501369,2.09179724803369,0.799539373070342
-3.59687864792502,1.40736968622367,2.00310731811668
-3.5372583894791,0.525283879628832,2.9252959905468
-2.98138319900571,-0.430600434603205,3.43669675752664
-2.00719998885249,-1.32611136980329,3.46557878617745
-0.751390300404727,-2.03549913985937,3.00798236500453
0.609876350407594,-2.45909569381681,2.12819812670264
1.8856225521336,-2.53741956659289,0.949798488174707
2.89687018545156,-2.25943524716608,-0.361740866195419
3.50167214838525,-1.66415978910508,-1.62229727880464
3.61520581320234,-0.835195062808762,-2.65495040374769
3.22151786703398,0.111093761164333,-3.31479386500695
2.37584018965496,1.04181323374943,-3.50931261401097
1.19679106035465,1.82624883489678,-3.21120919914437
-0.150207724338325,2.354229398201,-2.46243942129698
-1.47617290721278,2.55152448807095,-1.36817523614479
-2.5950597801238,2.39043197650056,-0.0820733087140476
-3.34987941448216,1.89358780396966,1.21534377131131
-3.63465862025163,1.13073519768157,2.34199897674319
-3.40947634453855,0.209032612264601,3.13980650361822
-2.70587446859851,-0.742038696642941,3.49683419458489
-1.6225829685628,-1.58887562527231,3.36309919189179
-0.31157071070186,-2.21249567147159,2.75745682292747
1.04321303737033,-2.52532387004985,1.76499262350538
2.25166220987329,-2.48338603363693,0.525014581157089
3.1441935841706,-2.09252737502279,-0.788445945845071
3.59560130476686,-1.40764834684206,-1.99107616623285
3.54244138097418,-0.524928308574439,-2.9141817832614
2.99215146867157,0.431573585003353,-3.42829048495875
2.02190217238759,1.32747358740706,-3.46133680758499
0.767849995644343,2.03687022858415,-3.00878588538036
-0.594029920502229,2.46004075143932,-2.1341760121818
-1.87260994585943,2.53752509853892,-0.96025413200876
-2.88844526465233,2.25840975203002,0.348250300509335
-3.49887688666691,1.661890504396,1.60775397475715
-3.6182493417027,0.831819798837546,2.64156478824436
-3.22977183770549,-0.11517961281858,3.30469809741113
-2.38792778986057,-1.04603791945055,3.50421002867471
-1.21084374366641,-1.82993846606895,3.21207398183714
0.136280031804349,-2.35671642286327,2.46931870318292
1.464361749802,-2.55227909700964,1.38020493846152
2.58697072264717,-2.38913437940489,0.0975582846523822
3.34651037771553,-1.89024566264371,-1.19868848751364
3.63627084905864,-1.12569169263294,-2.32671251797197
3.41558473030093,-0.202905301360123,-3.12827917978814
2.7153693292596,0.74842602264026,-3.49093844365669
1.63389855505061,1.59462163573897,-3.36386758484653
0.32295454364969,2.21675132018604,-2.76493106327497
-1.03343818133699,2.52741273925217,-1.77816996269059
-2.24484947510653,2.48294476971184,-0.541999555290484
-3.14118366643183,2.08955450206077,0.770164632193893
-3.59662297673329,1.40250130281643,1.97424202170352
-3.54710529881327,0.518278343641953,2.90139411428548
-2.99952624025287,-0.438838351567076,3.42156059147649
-2.03071150485344,-1.33435747570797,3.46177345381541
-0.776657764661635,-2.04244167732654,3.0164396130267
0.586574823442787,-2.46357221950691,2.14801171420936
1.86757240146574,-2.53857681932823,0.978259190900515
2.88645264402068,-2.25690045388716,-0.328736467134463
3.50004332312055,-1.65807692744299,-1.58965036861701
3.62218602465295,-0.826256071785632,-2.6275900086988
3.23568349640377,0.121703946713515,-3.2969738144446
2.39473641985079,1.05266240746588,-3.50393479721355
1.21739426606746,1.83583292927787,-3.2193334377792
-0.131042481260873,2.36119575789131,-2.48305425063438
-1.46122062279896,2.55491016341507,-1.39839239631393
-2.58632526229174,2.38973949378947,-0.117496251529784
-3.34832797822985,1.88892599826423,1.17996059674991
-3.64012618105745,1.12280393610725,2.3119795609085
-3.42071815128669,0.198952401151687,3.11970459864961
-2.72083454718782,-0.75288096451503,3.48974863370573
-1.6387281510669,-1.59905496764153,3.37017392178372
-0.326344288717484,-2.22074012620423,2.77772521212068
1.03202266939961,-2.53065310084245,1.79548183047355
2.24559239973016,-2.48530368794977,0.561232123502329
3.14390117837342,-2.09104906270082,-0.751853051139733
3.60080256065632,-1.40323723013917,-1.95951847500776
3.55200377871115,-0.518384750009922,-2.89235576486527
3.00430107464947,0.43927937553848,-3.41942236392244
2.03457382177098,1.33531013876663,-3.46670752466865
0.778971239679661,2.04394332427055,-3.0275917452519
-0.586176019588922,2.46572792778487,-2.163643760563
-1.86913693407453,2.54148857022966,-0.996007477954329
-2.88971116398427,2.26060925451731,0.311482480004869
-3.50447202620168,1.66247308083309,1.57536098463816
-3.62707056048391,0.831038822346149,2.61822060080921
-3.24026141236602,-0.116993521849595,3.29371947330047
-2.39832288874286,-1.0486370697019,3.50706913055799
-1.21945918112288,-1.83318486527869,3.22822078722355
0.130792601480703,-2.36058922908731,2.49624784221129
1.46279947035805,-2.55686691968199,1.41388702500708
2.58947512239277,-2.39447057130508,0.133014822107327
3.35256706350627,-1.89624799130973,-1.16660501486312
3.644839341333,-1.13211746387139,-2.30257815374835
3.4252409306965,-0.209252572077501,-3.11540294508684
2.72453884541219,0.742886472404139,-3.49092128567312
1.64111327297796,1.59082662957428,-3.37638985483181
0.32713104810054,2.21567210927944,-2.78785846904943
-1.0328849454335,2.52980738776914,-1.807905773079
-2.24793176131085,2.48925436215618,-0.574113377076387
-3.14736129001449,2.09975158924186,0.740303782681276
-3.60490271676473,1.415970446566,1.9507874414568
-3.55621650552008,0.533777426028578,2.88744874350331
-3.00810396792129,-0.423139477331726,3.41875838397992
-2.03754569304337,-1.32060273660596,3.47008805082718
-0.780815935047658,-2.03282176980553,3.03427778711543
0.585600233134191,-2.46001394514665,2.17253089835605
1.86982202341838,-2.54235855225665,1.00577240220033
2.89151821188103,-2.26840146419637,-0.302158523924313
3.50715836506089,-1.67655964210651,-1.5676314771175
3.63033304639168,-0.849839214433258,-2.61292584910424
3.24376997511774,0.0958176227336208,-3.29132083043693
2.40176205193388,1.02788837721471,-3.50762752502603
1.22254141062887,1.81574434458008,-3.23145576762944
-0.128322844966541,2.34901535270422,-2.50157955383941
-1.46114946506605,2.55303674086157,-1.4205411864501
-2.58879781952421,2.39924241361209,-0.14012502858568
-3.35295502297068,1.90929050655071,1.15986864931218
-3.64631359633861,1.15193298194448,2.2969256506822
-3.42774492742692,0.23334015187036,3.11136150467301
-2.72793939281831,-0.717700926526798,3.48882029978036
-1.64516444270024,-1.56797110493646,3.37632788756406
-0.331486361699956,-2.19835402192744,2.78972653404551
1.02865003658672,-2.52053496921897,1.81142066646099
2.24428845442152,-2.48947869056209,0.578871901767547
3.14478011695083,-2.10963143215447,-0.734805697126369
3.60378765744552,-1.43433404204818,-1.94510554892752
3.55686547324142,-0.558274829148782,-2.88214270380368
3.0106151442213,0.395753260231222,-3.41435674429624
2.04180534621426,1.29400867229255,-3.46704453088569
0.786478411492651,2.01064020660888,-3.03290958456398
-0.579108080966779,2.44529275276937,-2.17301721015537
-1.86324517214362,2.53712667825309,-1.00812427607968
-2.88569181741049,2.27340217561263,0.298111436514769
-3.50290549151889,1.69115325358783,1.56226468049438
-3.62833002067076,0.872055180434778,2.60680230322208
-3.24446028715838,-0.0689895371008882,3.28513872708836
-2.40527316535422,-1.00006819728997,3.50213909063843
-1.22862620630816,-1.79065942764854,3.22741267797973
0.120284611655343,-2.32998085235122,2.49960404636882
1.45209315295516,-2.54253924520706,1.42102900350638
2.57986732131454,-2.39858268852617,0.14315255826518
3.34535665044494,-1.91839857727988,-1.15456758842653
3.64115128617451,-1.16941221301543,-2.28996274334299
3.42586190327772,-0.256695185818198,-3.10361575968613
2.72977871780183,0.691685544906561,-3.48135004528326
1.65067246379467,1.54278964707573,-3.37020602220044
0.340103941923255,2.17729361864097,-2.7858963636518
-1.01794056413906,2.50623216414942,-1.81054171343206
-2.23284380169074,2.48357774827986,-0.581197155165733
-3.13412197067545,2.1126058566377,0.729490581821658
-3.59538702616125,1.44547109979878,1.93745796071136
-3.55196207740467,0.575828226834438,2.87319500245238
-3.01000805828375,-0.374313567955395,3.40539150015887
-2.04571634591465,-1.27161342394102,3.45939126992821
-0.794522334819926,-1.99020239416499,3.02772473549811
0.567901433849852,-2.42931898622397,2.17112446208536
1.85031170151412,-2.52739236932551,1.00989000897079
2.87274538514131,-2.27077436452619,-0.292862941638846
3.49171177567386,-1.69554843431802,-1.55424515883556
3.62044829436754,-0.882496276421888,-2.59717761538465
3.24101878434533,0.0541911035170996,-3.27534002518916
2.40682390995646,0.983020532479273,-3.49364666962847
1.23503896028557,1.77357755926655,-3.22154928564496
-0.109809353285295,2.3149085754254,-2.49731770369792
-1.43892636597508,2.53110196504037,-1.42272400979379
-2.56576846888219,2.39183122759737,-0.148621635614563
-3.33223283631917,1.91670579882002,1.14611747416448
-3.63080220614674,1.17250187687216,2.27980256673023
-3.41970609077972,0.263763407750377,3.09330360853255
-2.72868401195888,-0.681806554923604,3.47248203519438
-1.65480938593625,-1.53143510955523,3.36418916392142
-0.348912865944929,-2.165790934873,2.7837126397429
1.00566139870404,-2.49574962203167,1.81257651289606
2.21877260936398,-2.47500670196448,0.587159018996515
3.1201794781969,-2.10651262354376,-0.720508000718724
3.58346008095326,-1.44209590581537,-1.9268466166562
3.54366596875,-0.575159919571912,-2.86260516003212
3.00643918632946,0.372481370032881,-3.39648250493475
2.04729307958783,1.26763835512256,-3.45356100172289
0.800965333776265,1.98452005718758,-3.02589093242637
-0.557541307963972,2.42239110959455,-2.17356834512429
-1.83750843059685,2.51969123331623,-1.01623766802247
-2.85928324984633,2.26278603246557,0.283612768400986
-3.4794485423885,1.68781108716954,1.54354969877783
-3.61102652218765,0.875578237522904,2.58673138267482
-3.23565024844262,-0.0597070781312584,3.26679074425957
-2.40612168474319,-0.986561833978985,3.48832789219975
-1.23896490927308,-1.77465047464008,3.22028967898373
0.101925278950456,-2.31315909168292,2.50029876183106
1.42828332107775,-2.52640062102556,1.42946028161494
2.55391167485769,-2.38436841410089,0.158048640385226
3.32082485281924,-1.90701473579321,-1.13549521181114
3.62140966930236,-1.1614556146041,-2.26966238020675
3.41353510811248,-0.252504359319068,-3.08524961071322
2.72645547041912,0.69198146322816,-3.4677890184613
1.65666712707918,1.53920750889814,-3.36359516927157
0.354422610710879,2.1700081402844,-2.78732374503923
-0.997426652175992,2.49562345389492,-1.81982877979922
-2.20908140993426,2.4702400027078,-0.596902079639102
-3.11044839905456,2.09739293054681,0.709811606534915
-3.57503053498734,1.42947601117448,1.91688215581922
-3.53764220997606,0.560416188492888,2.85493010163618
-3.00353447532131,-0.387582926791696,3.39229822647951
-2.04774462462822,-1.28118918221923,3.45353382386014
-0.804506614108892,-1.99471109679972,3.03002083233768
0.551604031373984,-2.42776642326312,2.18119465298738
1.83017385874323,-2.51936852199239,1.02616375929273
2.85169316054432,-2.25658171989661,-0.272948915922678
3.47270770785301,-1.67633623754731,-1.53381406909262
3.6060573132591,-0.860179795381767,-2.57944224681525
3.23303991686578,0.0771300882314459,-3.26307289040138
2.40606972296891,1.00379362154949,-3.48872846324773
1.24127814049099,1.78946321149902,-3.22472708527289
-0.097777435553436,2.32359851509376,-2.50805432132262
-1.42307409679211,2.53104402481236,-1.4393017929038
-2.54852341035783,2.38256585685713,-0.168446274002008
-3.3161093791574,1.89896388424506,1.1261507556518
-3.61805679576617,1.14818018437489,2.2627949055526
-3.41196442102309,0.23571541788153,3.08191229158764
-2.72677618446767,-0.710122233870861,3.46847840101163
-1.65868117182556,-1.55635550801421,3.36818106497945
-0.357668995629103,-2.18396604257399,2.79509315049831
0.993584994721931,-2.50464006948529,1.82959682948022
2.20534523682719,-2.47322638932681,0.607167454710102
3.10746697337407,-2.09406718250108,-0.700604922550635
3.57327974736479,-1.42035818701577,-1.91013213868471
3.53736970541234,-0.546757652293535,-2.85164506960466
3.00474983121688,0.403972373714718,-3.39296423053109
2.05019887128782,1.29820928034741,-3.45805477739062
0.80773385290075,2.01023521678406,-3.03772167525179
-0.548196301770155,2.43991462539357,-2.19092067157765
-1.82720447599241,2.5267686198947,-1.03646768162543
-2.84970564925097,2.25847260705255,0.263610155198257
-3.47207928127725,1.67267104111655,1.52683168294767
-3.60693174304806,0.851601208753736,2.57585918245518
-3.23533350338506,-0.0894060739009697,3.26341855125209
-2.40943827070154,-1.01815899316665,3.49294188515302
-1.24519978913634,-1.80415154659949,3.23216128109675
0.0939248573495582,-2.33690084960094,2.517592866099
1.41992226730868,-2.54148076717708,1.44951349476273
2.54661599676454,-2.38908679012276,0.177822630481563
3.3158145087433,-1.90103370131178,-1.11899235630036
3.61951872653034,-1.14581030815727,-2.25891719880372
3.41506216836554,-0.2293926515771,-3.08189074738976
2.73113694160099,0.719522304434246,-3.47232780782311
1.66373788633252,1.56767683866862,-3.3753458565186
0.362724884411728,2.19593380344695,-2.80452838327381
-0.989258681901347,2.516007502375,-1.83993849467859
-2.20240701227042,2.48287572741468,-0.616909749820458
-3.10641063543055,2.1011267054467,0.692885405341889
-3.57436254218813,1.42422877530794,1.9055692707024
-3.54055637615761,0.547152042620161,2.85092016990154
-3.00972087933788,-0.407009623579429,3.39621893967794
-2.05638784995557,-1.30433018224288,3.46485416095783
-0.814368950184239,-2.01882719209029,3.04713261809924
0.541986107580843,-2.45015834941317,2.20161844545491
1.82227774548434,-2.53772299159357,1.04693030588362
2.8467936464366,-2.2690985537922,-0.254903405781404
3.47168513139168,-1.68192049993981,-1.52116931342774
3.60923846285923,-0.858510772930606,-2.57411913897426
3.24020904382348,0.0856130637897804,-3.26591573442561
2.41636176392025,1.01798546017515,-3.4993864919702
1.25336168515843,1.80778836199345,-3.24167709818319
-0.0855381765589628,2.34415764771022,-2.52884762342083
-1.41241004104545,2.55173190994101,-1.4608777549009
-2.54102209134868,2.40134229125407,-0.187633719200611
-3.31298334044031,1.91401509124965,1.1122037499285
-3.61999093414141,1.15809161322807,2.25619873985109
-3.41896242915633,0.239531676927418,3.08372640444642
-2.73811270913397,-0.712830040363989,3.47853463133632
-1.67302096805622,-1.56540423999793,3.38510343315948
-0.37319898085428,-2.19857952002123,2.81646252077427
0.97893239047321,-2.52351043241765,1.85234363551655
2.19362099332118,-2.49455698815235,0.627955561299702
3.10042556371657,-2.11576160341151,-0.684861985590707
3.57213563980424,-1.44015156367371,-1.90183806839456
3.54256731019754,-0.562431223716435,-2.85213558174033
3.01590309462195,0.394330534616632,-3.40232703508817
2.06612242281068,1.29596092483288,-3.47507594475827
0.826505565438217,2.01598838084387,-3.06007768899256
-0.52898656873011,2.4534047779956,-2.21545239407906
-1.8101502509652,2.54686497397575,-1.05963504264463
-2.83723867305732,2.28315139899406,0.245246939272435
-3.46612828665954,1.69920602415848,1.51607950062912
-3.60861327599048,0.8768593192216,2.57448652061945
-3.24481272810277,-0.0685592656586745,3.27183667405272
-2.42579219614603,-1.00447615472614,3.51013552355922
-1.26651145490022,-1.79966226589419,3.25579376677428
0.0703501600903175,-2.34258973125288,2.54432315418756
1.39722079971699,-2.55703991106708,1.47544528177044
2.52795211486076,-2.41293515660968,0.199091947478535
3.30393691364027,-1.93044562744752,-1.10565213550092
3.61637685002375,-1.17725625080199,-2.2556477786644
3.42148852048097,-0.258949531263195,-3.08941688040496
2.74661184900836,0.695700024850796,-3.48978483653148
1.68647907454223,1.55281637833684,-3.40037110943097
0.389865079926688,2.19220613135143,-2.83353705711376
-0.961323869373013,2.524209989272,-1.86869909725488
-2.17754145414248,2.50223488441339,-0.641125463687427
-3.08820131599994,2.12941152863391,0.67693188489628
-3.56561706486631,1.45799277245666,1.90046473655498
-3.54281638519934,0.582125921662848,2.85768298914746
-3.02304073607956,-0.375353616645386,3.41412572251773
-2.07928420238575,-1.28016342374783,3.49150275101696
-0.8439369909708,-2.00538327219573,3.07878506786936
0.509699793849507,-2.4492921581632,2.23369277947453
1.79174626526163,-2.54970229543271,1.07467114175258
2.82238755578204,-2.29248927785939,-0.235723000351952
3.45703063202454,-1.71374583160127,-1.51360048130426
3.60668312260199,-0.894645462856354,-2.57956830714941
3.25043785637503,0.049861277271879,-3.28386592260262
2.43827819391734,0.987266264996024,-3.52744812798983
1.28414035535197,1.78608773261355,-3.27591665611643
-0.0500774481893481,2.3342804609914,-2.56433113498196
-1.37722860863599,2.55491015220982,-1.49237179864776
-2.51116402994458,2.41708985711495,-0.210374380142818
-3.29284568964821,1.94018642677543,1.10176919315441
-3.61264195047993,1.19120696227694,2.25983102027934
-3.42573259525667,0.275260253719443,3.10114967741018
-2.7582822571539,-0.679113631580817,3.50743044628302
-1.70391105481191,-1.53800299311572,3.42139977468992
-0.410519433840217,-2.18092536725917,2.8548670705123
0.940483673743272,-2.51773104711956,1.88718190694188
2.15960056342024,-2.50117979514885,0.654022964923502
3.0758299808497,-2.13372016362673,-0.671559445113013
3.56068249525438,-1.46698394568778,-1.90346498311989
3.54606870333107,-0.594585845303093,-2.86866529345715
3.03400269235803,0.361008447709778,-3.43151532642644
2.09632002192816,1.26568034745578,-3.51276708974686
0.864502006466538,1.99245401467576,-3.1008190518901
-0.488684962304811,2.4393660805191,-2.25326549574241
-1.77343258096769,2.54384576323724,-1.0889211173945
-2.80952112909239,2.29128437548484,0.228862835231101
-3.45153232281518,1.71722676735787,1.51510915519441
-3.60936697103814,0.902313231487296,2.58920487266926
-3.26086677876188,-0.0389742058340908,3.30019433101573
-2.45485907541836,-0.974454592262958,3.54806586524838
-1.30434212010076,-1.77283239155831,3.29781738903308
0.0293294151961175,-2.32208908525896,2.58437002481226
1.3590822433824,-2.54515162556961,1.50769858806043
2.49835980878602,-2.41084873037652,0.218841342135683
3.28729947905119,-1.93814321875148,-1.1012821705189
3.61513204606794,-1.19354973093425,-2.2672656844403
3.43583421784492,-0.281700229170972,-3.11530900024462
2.77440946853765,0.669314989984937,-3.52618022338535
1.723556607393,1.52598249107709,-3.44199209836569
0.430652842081224,2.16808068848125,-2.87434224264896
-0.922947807799507,2.50556736348239,-1.90280732154548
-2.14732752750392,2.49113073340261,-0.663696522075618
-3.07065534339455,2.12698630949809,0.6690415835456
-3.56335022072803,1.4644103558572,1.90824720761042
-3.55611124386882,0.596537144767111,2.87985369842887
-3.04980401905254,-0.354711415694876,3.44733635691371
-2.11537169826908,-1.25575775357225,3.53083792973578
-0.883840581594808,-1.98009217751106,3.11853010838533
0.472040369390225,-2.42607051607718,2.26815626315904
1.76201784899182,-2.53126342561909,1.09903811278684
2.80503900925506,-2.28102268496577,-0.22469692012479
3.45459546092633,-1.71063408106509,-1.51718268615936
3.61942600088117,-0.900301120041243,-2.59692219528995
3.2762761422591,0.0360945356817737,-3.31220471063756
2.47318489461594,0.967009624165912,-3.56250671948907
1.32272237537616,1.76174849902493,-3.31259729140482
-0.0137271176182244,2.30878648215473,-2.59750586367634
-1.34862481283363,2.53137195055695,-1.51756048947463
-2.49458712828246,2.39842173580808,-0.224354194055155
-3.29069835206873,1.92874406135699,1.10051118570948
-3.62505886735702,1.18842994880559,2.27095018903112
-3.45065768614931,0.281543763797185,3.12260120556695
-2.79177879818074,-0.664494148995454,3.53582603419507
-1.74076533660491,-1.51685738804628,3.45258289136692
-0.445054109778975,-2.15591913103597,2.88449501420187
0.913520466572368,-2.49206977100208,1.91136218083193
