0.510781791291272,3.01079858510235,-3.65983398379208
-0.613976841113359,3.67974477935229,-3.28761028657294
-1.6525943710321,3.83223519429949,-2.45476202117123
-2.45906931888454,3.44729805183645,-1.27839211800606
-2.92001247319568,2.57934091725577,0.076290190807688
-2.97056762901193,1.35038952243838,1.41926595834754
-2.60359573511126,-0.0670076753891162,2.56226340966647
-1.87061229171894,-1.47397720278135,3.34520775058829
-0.874606068501511,-2.67327349480799,3.65861955611625
0.244404922738048,-3.49685020728576,3.4589035737016
1.32906218903826,-3.82944001952467,2.77447529998228
2.2267895756094,-3.62472184307078,1.70162482751381
2.81127933526938,-2.91171150483016,0.391034733600856
3.00030464428925,-1.790692660141,-0.973403021780222
2.7672233932622,-0.419066120345836,-2.20038304860636
2.14483182677197,1.01059541441268,-3.11798951820126
1.22070489814806,2.29770367953648,-3.59777417513249
0.124882240912442,3.26175978380531,-3.57281647874043
-0.988421152715993,3.7676321010411,-3.047002096713
-1.96248811109937,3.74453147279317,-2.09437738208845
-2.66020772549982,3.19591513553969,-0.848780640356369
-2.9833718868164,2.1989731114238,0.514962408160369
-2.88650075508452,0.893803946144739,1.80554638014378
-2.3832524873757,-0.536322950829877,2.84209099842056
-1.54451977830149,-1.89067767560416,3.47938446636285
-0.488447455769702,-2.9791547434278,3.62838121610015
0.63620188342254,-3.64904583204397,3.26849709347668
1.67104139852278,-3.80636460925082,2.45047891378754
2.47029532705452,-3.42910252558686,1.28928735926644
2.92146320045952,-2.57038488314831,-0.0520031972046191
2.96103060237264,-1.35086193675532,-1.38520943781157
2.58354353000608,0.0581546068563462,-2.52335240373581
1.84225616367827,1.45876059619296,-3.30691018146031
0.841648588403456,2.65425635189905,-3.62618541532434
-0.27724115353215,3.47674995193529,-3.43660653574193
-1.35674129013133,3.81070846544722,-2.76502955940673
-2.24475229012778,3.60926593037854,-1.70589177073273
-2.81618782490544,2.9007257413504,-0.407953425520307
-2.99065906379699,1.78465290842039,0.946600242152804
-2.74368492422373,0.417795917065249,2.16770520747506
-2.11022781332398,-1.00774085473122,3.08407940270117
-1.17968208244624,-2.29164025594894,3.56723902391809
-0.0832738667633466,-3.25348836391878,3.54957539993828
1.02444806218853,-3.75807521685736,3.03378795836796
1.98736203208553,-3.73445449056059,2.09242374248521
2.6698533562863,-3.18592841655823,0.857746434930662
2.97584629018049,-2.18954389431029,-0.496858292336
2.86239395418775,-0.88534267989848,-1.78120066551428
2.34565517380168,0.543401020648935,-2.81503408520749
1.49862581261187,1.89590184643696,-3.45326582937756
0.440822126303765,2.98201169598406,-3.60647336128906
-0.678600065678578,3.64902974179626,-3.25329488728966
-1.70189389391106,3.80309549938868,-2.44343670216081
-2.48487931968371,3.42245010287969,-1.29068615620664
-2.91741099178762,2.56058493768956,0.0429767186502044
-2.93869824979461,1.33858512091752,1.37024532771148
-2.545996478296,-0.0718070462724679,2.50472596023482
-1.79484873776891,-1.47232352036291,3.28712299976188
-0.791234729683301,-2.66607124692969,3.60763537183789
0.323313041977832,-3.48515550091927,3.42131909088458
1.39172661750699,-3.81431480019222,2.75443325039867
2.26354737871975,-3.60718672962633,1.70073740529116
2.81604066050245,-2.89276137559037,0.408304430539654
2.97164098518761,-1.7714260267973,-0.941275299738049
2.70864866539357,-0.400721950342347,-2.15838281769099
2.06437998552068,1.02659866813779,-3.07201793979928
1.12979405590584,2.30983257595748,-3.55381804538083
0.0366600420628231,3.26849335022388,-3.53611844971027
-1.06101593240561,3.7677003301859,-3.02148368596924
-2.00865611404463,3.73713771121052,-2.08225034395919
-2.67297643532604,3.18104421789012,-0.850460693510787
-2.96059754931912,2.17750112208238,0.50074803256296
-2.8312969903708,0.867584244187675,1.7814323851439
-2.30354277802005,-0.564566008837776,2.81158986752166
-1.45187877196319,-1.91761073651845,3.4463757429962
-0.396383028513584,-3.00125271573838,3.59662615305771
0.714271662183886,-3.66307579939338,3.24123630851519
1.72377522250962,-3.80990798518593,2.43018313477335
2.49009155304831,-3.42098624796898,1.27744523599709
2.9056116743587,-2.55093707265352,-0.0548430633445004
2.9120707479552,-1.32204643723351,-1.37937947893864
2.50889047244133,0.0929308068339526,-2.50994046892945
1.75304332509832,1.49507720344386,-3.28751210492206
0.751060197899527,2.68721794516731,-3.60276111825582
-0.355972353033868,3.50174494482587,-3.41137266091441
-1.41230527714804,3.82404176309579,-2.74022844556271
-2.26945780074215,3.60873322899304,-1.68371623619051
-2.80694355612548,2.88595484114134,-0.390379734722636
-2.9494931968014,1.75729873120325,0.957890337162769
-2.6772477279412,0.381361855900711,2.17148188868628
-2.0287656600296,-1.04838857783803,3.07967417874679
-1.0954351182562,-2.33094243154288,3.55469527729363
-0.00861832677548364,-3.28595795018346,3.5296865675325
1.07882799785759,-3.77910019878646,3.00811855034229
2.01398499351853,-3.74096130297588,2.06328588644619
2.66564233642717,-3.17687311160416,0.828130677781458
2.94226749025544,-2.16604247411799,-0.523613399441142
2.80529229175415,-0.850567362069897,-1.80176057313683
2.27418377128555,0.584640112823964,-2.82651702312353
1.42379121651252,1.93782501035913,-3.45362476349994
0.373771185060746,3.01871792592436,-3.59485865434902
-0.728252807068362,3.67534312060141,-3.23029115964292
-1.72744824128952,3.81533371726637,-2.41118871959685
-2.48348459767136,3.41896329838168,-1.25271184202775
-2.89035009156969,2.54198192488185,0.0821382852198871
-2.89097422431857,1.30757450114776,1.40556197259512
-2.48552086918882,-0.110761840983156,2.53136406101915
-1.73112394645094,-1.51365735318533,3.30108875797208
-0.733892192617388,-2.70389578316767,3.60638621154519
0.366000962247572,-3.51415459387624,3.40427024701999
1.41405969954508,-3.83048473878618,2.72311053761854
2.26315027909678,-3.60841744807103,1.658717927873
2.79407769031431,-2.87906891065179,0.360777706819858
2.93250867745812,-1.74497335236798,-0.98810190044592
2.65909384434438,-0.36547389809197,-2.1981310727636
2.01239487671714,1.06549749310816,-3.09900637874697
1.08333985438063,2.34679944750715,-3.56391506367681
0.00246633729640243,3.29831644422788,-3.5273591376869
-1.07843403453978,3.7862579051755,-2.99442111921683
-2.00753954008435,3.74199525342181,-2.03996606994617
-2.65458992426136,3.17173077751526,-0.798296989483275
-2.92871060936382,2.1555568056853,0.555905138328084
-2.79160990239747,0.836320441323058,1.83204726188032
-2.26263587571022,-0.600516137378606,2.85057944405627
-1.41614089373331,-1.95300415608291,3.46807202693791
-0.37102638754105,-3.0310172044177,3.59761063257764
0.725957119643212,-3.68304175611682,3.22085920299427
1.72082620530703,-3.81741334339834,2.39079383020746
2.47391688038878,-3.41521954668733,1.22411610110721
2.87963930767912,-2.53308455743011,-0.114999683805048
2.88100360223501,-1.29493845698492,-1.43814296506271
2.47793849901784,0.125218972012234,-2.55912595294689
1.72707524713705,1.52779028242012,-3.32016227723295
0.733844356615147,2.71562913750061,-3.61408862879128
-0.362294748783525,3.52184610277161,-3.39950795466159
-1.4074707008934,3.83308383763491,-2.70653255831833
-2.25499446555248,3.6056916510064,-1.6326529703664
-2.78584563266343,2.87158257968395,-0.328861555907066
-2.9256121289042,1.73397630125002,1.02141982065356
-2.65462598827644,0.352699244573666,2.22820670836149
-2.01095271908639,-1.07810774972509,3.12167183546652
-1.08495576792644,-2.35737902436012,3.57604918311569
-0.00664877612560729,-3.30536598067477,3.52732416588718
1.07259233654473,-3.78885130429069,2.98230063506617
2.0011683621596,-3.7398931787442,2.0175182875149
2.64882134805391,-3.16541773395636,0.768708358280049
2.92449780404678,-2.14612409335045,-0.588472484987227
2.78954561197246,-0.825290135908867,-1.86304839924193
2.26287874255047,0.611428696812641,-2.87571927476236
1.41842209814045,1.96215721072017,-3.48390160137424
0.374735677481361,3.03709481921795,-3.60202695705081
-0.721636038124188,3.68525696099851,-3.21337308635905
-1.71674604442704,3.81558720224565,-2.37254403158668
-2.47078733527017,3.40977084730966,-1.19774006745464
-2.87792564440704,2.52497099482976,0.145750194177228
-2.88083734612525,1.28551043841591,1.46894522703132
-2.47911822008157,-0.134445229081773,2.58569749448629
-1.72915008547165,-1.53536389960154,3.33886284042242
-0.7362044359535,-2.72044174671681,3.62241517112161
0.360258902883311,-3.52324143583252,3.39642866238312
1.40623315959663,-3.83098101467219,2.69261418855488
2.25479190269543,-3.60059319685295,1.60996504355497
2.78662733639636,-2.86447955941871,0.30068700306047
2.92704000340014,-1.72616498770545,-1.05108357243545
2.65620359863337,-0.345553557615093,-2.25522702944012
2.01210300922538,1.08340070026504,-3.14233524054122
1.08517878334607,2.35998537949767,-3.58759445119098
0.00564660852648717,3.30490668420026,-3.52830229876889
-1.07482044941098,3.78552168789091,-2.97278801746741
-2.00430265786103,3.7343853774596,-1.99905515606293
-2.65224767424482,3.15880185389986,-0.744033263840898
-2.92744697603491,2.13964438650325,0.615810036557373
-2.79121235415164,0.820137899138188,1.88919607715496
-2.26261402984326,-0.614305629477479,2.89707526916607
-1.41589238171828,-1.96222537844337,3.49761166707625
-0.370039342641268,-3.0343261437676,3.60638043786426
0.727944527164534,-3.68014214671071,3.20800729947192
1.72371137506289,-3.80906491617324,2.3584535199798
2.4772071935706,-3.40303027913631,1.17711741279449
2.88253158342177,-2.51924150938737,-0.169877137852575
2.88254705844002,-1.2818824182008,-1.4931417224746
2.47724138542205,0.135222628253382,-2.6066121479888
1.72357553984556,1.53302960564227,-3.35370397710784
0.727466640715813,2.71526784830175,-3.62932641891014
-0.371004119664558,3.51603253490582,-3.39469752980917
-1.41736122033177,3.82291660682288,-2.68273583272742
-2.26446490204223,3.59303725500318,-1.5935411284794
-2.79307005811817,2.85879715354405,-0.280218074327406
-2.92886400808256,1.7234526501315,1.07262280854765
-2.65269905922288,0.346439297043148,2.27481566242489
-2.00340766190223,-1.0788682428003,3.15734722813229
-1.07230336877276,-2.35237091432179,3.59614399722347
0.00964527132749142,-3.29534196543179,3.52947412259922
1.0902293401431,-3.77546950541897,2.96673154127861
2.01733446985047,-3.72547519177274,1.98695638313226
2.66062013477472,-3.15254781438369,0.727855485785596
2.92950528455879,-2.1371994064789,-0.633624728451484
2.78620553389518,-0.822066033861308,-1.90610496096007
2.25087894954997,0.608131342278381,-2.9107897799522
1.39886960463837,1.95260785952614,-3.50641036826535
0.350104642296206,3.02264965612605,-3.609343390355
-0.747813239533806,3.66814225151816,-3.20510049329902
-1.74038087770389,3.79859185923936,-2.35047101451339
-2.48789724484411,3.39573125036644,-1.16552643365709
-2.88524152884693,2.51628647078982,0.183210918337546
-2.87645744278056,1.28380847362716,1.50623224695136
-2.46285811219276,-0.128596564463426,2.61766067942781
-1.70272911541219,-1.52260067994574,3.36133725293793
-0.703091865060039,-2.702537306352,3.6327737393486
0.395287786144975,-3.50285049479775,3.39387088398612
1.43779739382252,-3.81120794721314,2.67816272402734
2.27773152860577,-3.58451661131918,1.58622481779272
2.79685893194115,-2.85470985241326,0.271500230083161
2.92220878901492,-1.72438187871645,-1.08132858319483
2.63623744535828,-0.352232580100938,-2.28225014675408
1.97932059935486,1.06906053118247,-3.16258518546476
1.04401055941709,2.33998411928115,-3.59871631349641
-0.0379653739347906,3.28215960251763,-3.52937564372106
-1.11426173022182,3.76337312818225,-2.96438767389352
-2.03328344600305,3.71616089011432,-1.98313972824752
-2.66581074281574,3.14729883984503,-0.723466569118818
-2.92283823048215,2.13671057346531,0.637701003344133
-2.76834938346952,0.826311938896883,1.90916593361689
-2.22423580763342,-0.599876314953319,2.91244845350192
-1.36723858506625,-1.94162055127263,3.50663523051103
-0.318129478993678,-3.0105303760318,3.60843024596978
0.775328011176257,-3.65660451279619,3.20360990706595
1.75918712124937,-3.78919515046067,2.34908304014744
2.49498198184132,-3.38967588945242,1.164880300758
2.87925888010159,-2.51420359698629,-0.182696299332301
2.85804327261236,-1.2857404801289,-1.50443124838098
2.43449236452837,0.12317186611328,-2.61478817999466
1.66843384027418,1.51466478902934,-3.35792018232484
0.667868019563776,2.69331847424188,-3.62956509694628
-0.42621464410791,3.49366393467376,-3.39169976589384
-1.4597551963111,3.80324052717585,-2.6777623802501
-2.28730461779016,3.57862443513815,-1.58805743979108
-2.79245216638618,2.85137557373287,-0.275665074837392
-2.90424275710193,1.72365062888806,1.07516795143251
-2.60717270393101,0.353816259806812,2.27484134748274
-1.94330419555798,-1.06569894546728,3.15500941383193
-1.00626187119029,-2.33551768910388,3.59222397675808
0.0719042316297987,-3.27729402380359,3.52517155404421
1.1393577532206,-3.75867068677104,2.96339724933319
2.0457682732927,-3.71201583809372,1.98586827990569
2.6637123082396,-3.14387326558806,0.729860025429315
2.90634944160008,-2.13402093242136,-0.628266980660924
2.73976031887933,-0.82425894680305,-1.89785776622593
2.18764070025851,0.601425149058287,-2.9008133757387
1.32792118026412,1.94274070905184,-3.49638435610297
0.28178784286558,3.0111864467004,-3.60116909581474
-0.803397341969217,3.65662485135251,-3.20061768694148
-1.77487505297727,3.78830122859262,-2.35107955285664
-2.49596163272571,3.38759722845872,-1.1718922832183
-2.86533660569073,2.51071487122755,0.171407875254348
-2.83120886122129,1.28079827372025,1.49027294528908
-2.39858643432112,-0.129364209936013,2.59966096328686
-1.62859307223513,-1.52160684314848,3.34394201864441
-0.629815581478999,-2.7002366506342,3.61877280146112
0.457022232067497,-3.49954820938432,3.38575661270702
1.47891384651419,-3.80705133173616,2.67769784719463
2.29209056965542,-3.579392120314,1.59406478787144
2.78223255561864,-2.84845004802526,0.287074614979912
2.88049891980237,-1.7168230780839,-1.0598141754411
2.57332088334235,-0.34349395388148,-2.25760021625179
1.90418583502031,1.07849296885209,-3.13823931817936
0.967440674004791,2.34923520435273,-3.57826263378472
-0.104938036116566,3.29003648311485,-3.51599905494955
-1.16197406516957,3.76846650862955,-2.96032924312502
-2.05485821413965,3.71711992054729,-1.98937591036373
-2.65809043429796,3.14306309814076,-0.739503572050373
-2.88696108763439,2.12688789538707,0.61377902887016
-2.70945709679264,0.81128752670574,1.88049395244289
-2.15079338164994,-0.618831081415557,2.88293623988242
-1.2897714180003,-1.96240391433965,3.48041983990456
-0.247671437987367,-3.03041263244667,3.58925291661737
0.828776160369433,-3.67260641338024,3.19430783816476
1.78810320060913,-3.79851758691794,2.35115573529067
2.49539804971908,-3.39024529472563,1.17826156259664
2.85124571949189,-2.50499124888187,-0.159696332437097
2.80577985339382,-1.26710017459444,-1.47487664280244
2.36553195012088,0.149476534558449,-2.58270362844176
1.5926092306356,1.54556360839993,-3.32769543921788
0.595927066640618,2.72476100569753,-3.60535718752517
-0.484202822682411,3.5211463320394,-3.37684670312845
-1.49579824528194,3.82252016757047,-2.67432991605858
-2.2965943084539,3.58629049797087,-1.59648831982398
-2.77402387221274,2.84548801370785,-0.2947476325321
-2.86098378116815,1.70407573815726,1.0480994670353
-2.54541893787711,0.322480243207982,2.24352135830698
-1.87187796459873,-1.10500145823437,3.12369591895608
-0.935200089458612,-2.37759132239099,3.56510397200053
0.132748764150567,-3.31625692035571,3.50580733583866
1.18172703352264,-3.78875627217045,2.95418338421699
2.06412478525908,-3.72846564432652,1.98776360960336
2.65593738679795,-3.14364028341911,0.742310773303129
2.87406168261568,-2.11642513893957,-0.607213568116498
2.68788263011521,-0.791104320274357,-1.87123595305964
2.12373352147907,0.645968499050494,-2.87227620813738
1.26103831448549,1.99269501817731,-3.46969456578897
0.221150535906585,3.05957222678477,-3.57965055555414
-0.849644936989395,3.69647588399553,-3.18674818227259
-1.80077702597955,3.81365360394719,-2.34619582811078
-2.4985415797039,3.39450125450279,-1.17612378896459
-2.84483477113581,2.49777386877769,0.159104742843479
-2.79109069033658,1.24949034113462,1.47189891085028
-2.34488379694476,-0.174928751032424,2.57785130785855
-1.56899676443543,-1.57518327418776,3.32154592670608
-0.572588798336248,-2.75431488358368,3.59848716733484
0.504244269281766,-3.54641715965418,3.36977288032518
1.51011967534441,-3.83995534668977,2.66753578730847
2.30365377547217,-3.59350448982426,1.59039117387065
2.77334569752796,-2.84162842249694,0.289717771617891
2.85310882343141,-1.68988460696411,-1.05171911203174
2.53179976916408,-0.300178456179508,-2.24541558030652
1.85461163058192,1.13207779575247,-3.12358369566912
0.916715042868334,2.4054725520624,-3.56277167323677
-0.150034595080535,3.34091770413719,-3.50120234246724
-1.19573422968793,3.80674236110124,-2.94745708389682
-2.07336496145864,3.73737470542549,-1.97930961518062
-2.65965753259759,3.14241432843865,-0.732792942039973
-2.87226974884115,2.10550381863491,0.616896073588569
-2.68127526920538,0.772327819280712,1.88000006857001
-2.11354162407802,-0.669636332075547,2.87896696864746
-1.24882585439686,-2.01766321058139,3.47325395711522
-0.20856333315708,-3.08216361292207,3.57927470723775
0.861098287945902,-3.71348975872262,3.18203732416887
1.80991211328677,-3.82279624835266,2.33726152172389
2.50461364605419,-3.39473374683335,1.16367708684683
2.84755421883984,-2.48940454233188,-0.17377185124357
2.79063165961973,-1.23411521917604,-1.48704855047126
2.34176818108942,0.194735140982923,-2.591496540542
1.56396075825906,1.59628651694594,-3.3317231227688
0.566418358366434,2.77349624302745,-3.6035506425974
-0.510819157016907,3.56089392476736,-3.36863169900729
-1.51651032423729,3.84779698692788,-2.65990728320945
-2.309450486288,3.59386492447158,-1.57688617567295
-2.77831803187527,2.83485643757796,-0.271817839298065
-2.85715201652197,1.67740226005832,1.07181487960983
-2.5348826227162,0.284223394295216,2.26505983295182
-1.85669734689549,-1.14884345075532,3.14004167838426
-0.917727357083253,-2.42038529582577,3.57359972413198
0.150240394508621,-3.35174508348776,3.50463767217742
1.19734768724438,-3.81198429309721,2.9427067942026
2.07656531770816,-3.73651489278333,1.96672313317291
2.66453052801218,-3.13592062345373,0.713826418968484
2.87873506887305,-2.09472375366244,-0.639830276996476
2.68900212357942,-0.759240590630774,-1.90383619475168
2.12191992705298,0.682763542855026,-2.90040452351588
1.25698696943927,2.02864856880896,-3.48924018505508
0.21548637094284,3.08927811862479,-3.58743030114394
-0.856475504838962,3.7156976799305,-3.18104502936059
-1.80853002997834,3.81990043911334,-2.32704463242983
-2.50710832107181,3.38737435968682,-1.14547450195431
-2.8541358289528,2.47895490791836,0.197543570180914
-2.80093570935929,1.222417459218,1.51312982501422
-2.35487054923514,-0.205641564463702,2.61624759884114
-1.57842787848749,-1.60452713900363,3.3516383848444
-0.580442400923691,-2.77769176952909,3.61578457246703
0.49918021672871,-3.56035308154141,3.37139069309645
1.50906035908348,-3.84262452388453,2.65274139875455
2.30757500262815,-3.58495412977305,1.5607661355075
2.78272606984421,-2.8237463752166,0.24901800321189
2.86772989543747,-1.6660068193874,-1.09805538002043
2.55063686136333,-0.274477829132627,-2.29101191574964
1.87582502392924,1.15527700831593,-3.16201497392438
0.937824557994062,2.4223790243661,-3.58847649962127
-0.131889027176911,3.34887706314274,-3.5103600650348
-1.18338112894327,3.804628573492,-2.93855687189444
-2.06916770993985,3.72578993503603,-1.95342877712559
-2.66508069289231,3.12349660127004,-0.693425678874409
-2.88754960204253,2.0825590961453,0.664295552561413
-2.70525191358136,0.749284967543598,1.92877722898444
-2.1436696214597,-0.688892637058771,2.92221879265664
-1.28143717161753,-2.02990531673617,3.50484693728604
-0.239356723390923,-3.08535116851607,3.59471925027548
0.836527728310252,-3.70707645735358,3.1791893696117
1.7954187365794,-3.80779657312489,2.31656631685299
2.50288630011253,-3.37353459028717,1.12815543762136
2.85967927898986,-2.46540091995856,-0.218956569377872
2.81574229415862,-1.2111474763847,-1.53535679051133
2.37712981880394,0.212918769820059,-2.63597501810536
1.60522665545635,1.60667648218979,-3.3660381608808
0.608132481905224,2.77430076963144,-3.62293412227969
-0.474449155267837,3.55182867547034,-3.3704984411322
-1.49079840014614,3.83011998673901,-2.64425047155441
-2.2984490043722,3.57019114423987,-1.54627364088055
-2.7841270800729,2.80879737571186,-0.230988219430981
-2.87960226140344,1.65300062685806,1.11670503537337
-2.57142658197565,0.265264155186373,2.30737612418433
-1.90270402039025,-1.15935452113261,3.17366509843565
-0.967068164035021,-2.42069970960031,3.59381313214037
0.104380214649609,-3.34161968890707,3.50884162131214
1.16147764934505,-3.79275586871268,2.93075907719653
2.05594744480274,-3.71093267547205,1.94093422124618
2.66239549555986,-3.10771959225321,0.678502742008676
2.8957213025607,-2.06805373631946,-0.679076754476529
2.72306370463946,-0.738073714616037,-1.94098442879508
2.16851656120275,0.695272229707448,-2.92993279980615
1.30972129125468,2.03057497504954,-3.5069803097448
0.267033655973474,3.0802218043902,-3.59116680796998
-0.813371630901459,3.69684445073835,-3.17082339480644
-1.77999208426715,3.79384121631338,-2.30505554382686
-2.49722827046229,3.35773751899216,-1.11565699068164
-2.86440886882402,2.44989093422843,0.230176127349254
-2.82992802407486,1.19798416573845,1.54329998771974
-2.39850088684035,-0.221976808187845,2.63926547976841
-1.63052773933738,-1.6104308331879,3.36414392775918
-0.633609100867701,-2.77228894990176,3.61626087548936
0.452460898082435,-3.54435537007827,3.36030953414578
1.4753430769026,-3.81821694084708,2.63241038068212
2.29151692811544,-3.55545490346862,1.53494883546484
2.78637132068986,-2.79316237240075,0.222269841196839
2.89032971354259,-1.63853021013454,-1.12116705244062
2.58869452293466,-0.253850212761998,-2.30666730673059
1.92367446057831,1.16622532428219,-3.16776819227874
0.988477951617849,2.42215509682231,-3.5836115620781
-0.0857255710426008,3.33750312150778,-3.49597581156359
-1.14819205793575,3.78364154381658,-2.9173849215783
-2.0496912638607,3.69804986340957,-1.92935646782841
-2.66366562991301,3.09283611946216,-0.670792612792813
-2.90379202506388,2.05316430748299,0.681448930612747
-2.736225744371,0.725169494406436,1.93741069962296
-2.18434874387333,-0.704507322151985,2.92077869387729
-1.32552971013314,-2.03495550406259,3.49354696580822
-0.280312114456109,-3.07921828543807,3.57548584646634
0.804552287002939,-3.69062514201772,3.15537258177938
1.776682953713,-3.78328935875685,2.2923625635258
2.49946790378541,-3.34428045495428,1.10784776048842
2.87130039560423,-2.43533489242343,-0.231700820216154
2.8397944157367,-1.18424173475216,-1.53810725408209
2.40925691788504,0.233107305207922,-2.62796813896229
1.64005823552731,1.61752021886353,-3.3483198402002
0.640171090573057,2.77442945692684,-3.59823179790579
-0.449933656450341,3.54131326105045,-3.34278711269612
-1.47706685909217,3.81044592627187,-2.61807237035207
-2.29685242492551,3.54401325574942,-1.52602833902536
-2.79393437290261,2.77955259696404,-0.220200243873166
-2.89832871369733,1.62454769884021,1.11597001731228
-2.59524045189389,0.241321013171966,2.29487110105019
-1.92718243841304,-1.17566522761007,3.15103746995607
-0.987977513508014,-2.42728623589875,3.56435839268339
0.0903859790559073,-3.33768641825624,3.47699032023776
1.15628282675103,-3.77888022372922,2.9014126014796
2.05971115891038,-3.68898167625866,1.91868776820514
2.6736287393733,-3.08066110248755,0.666971933738867
2.91153655062201,-2.03948251715153,-0.677876757240129
2.73988845366216,-0.711785936325388,-1.92697575254967
2.18270938652782,0.715835381213567,-2.9049945091302
1.31828601967947,2.04274589998215,-3.4746793845278
0.268205693107857,3.08245648322101,-3.5562134837779
-0.819809178398625,3.68889172926754,-3.13839224255931
-1.79265145935659,3.77681288785521,-2.28003030576954
-2.51335392775796,3.33392271365543,-1.10180636157508
-2.88048467952675,2.42247835292656,0.230720202648441
-2.84222687856151,1.17058043881606,1.53036731337764
-2.40389602605767,-0.245781577351224,2.61467073597859
-1.62711026274458,-1.62753367420915,3.33139572114194
-0.621151761628791,-2.78045877476163,3.58006084726382
0.472385187707213,-3.54254514598662,3.32588369646015
1.49956871720753,-3.80667444724688,2.60468109472967
2.3158001259639,-3.5356910152661,1.51783892815718
2.80605979827171,-2.7676821856151,0.21812086534572
2.901305348497,-1.61062717478235,-1.11188393278082
2.58804497457116,-0.227146504163447,-2.285389774799
1.91035934301012,1.18822919923874,-3.13760619661961
0.963614276328859,2.43654765060861,-3.5488802003444
-0.118910101249801,3.34234188743041,-3.46153624532868
-1.18478617075576,3.77820414644446,-2.88793174222572
-2.08383769107907,3.68292044591978,-1.90873994544138
-2.68953141210588,3.06988780967899,-0.661612426640098
-2.91646043232123,2.02529832296121,0.678232317402982
-2.73269116547387,0.696001248664066,1.92255916303849
-2.16406279671121,-0.731140622938783,2.89659919320708
-1.29062857870173,-2.05549370330751,3.46351933972245
-0.235404574773861,-3.09084228374132,3.5437376669576
0.853003312730206,-3.69162781248774,3.12607771889015
1.82130593456448,-3.77334024933237,2.26925114693611
2.53308919668276,-3.32450116269538,1.09364729438224
2.88818641281427,-2.40821898316874,-0.235520558427033
2.83650517770162,-1.15327216945424,-1.53148402830761
2.38535298435182,0.263881595885953,-2.61217293828379
1.59827234254634,1.64398099245972,-3.32570964328706
0.586107741963158,2.79292067616112,-3.57188633447656
-0.508570894372869,3.54915210833868,-3.31611777444963
-1.53160587607082,3.8063069836081,-2.59432131661784
-2.33898635994001,3.52816108625506,-1.50791739403542
-2.81694347512943,2.7537563347379,-0.209573184898678
-2.89824082031799,1.59198603695205,1.11825377011539
-2.5714160115935,0.206198377736564,2.28896612689897
-1.88254911030809,-1.20866801681243,3.13799851826144
-0.928651865056679,-2.45362086802504,3.54597489275458
0.155936266726422,-3.3535429603903,3.45551297731679
1.218501910456,-3.7817734978371,2.87926259011652
2.10937259949178,-3.6780586498293,1.89815489982252
2.70325993707017,-3.05694614333255,0.650119474182258
2.91649663087695,-2.00575157686213,-0.689442335261302
2.71918814555589,-0.672323401130841,-1.93220782533172
2.139156283501,0.755784129736903,-2.90346916627113
1.25809327612982,2.07768844545868,-3.46660505077433
0.200050018685837,3.10740297145562,-3.54238533174204
-0.886035747130218,3.70005201421267,-3.12009989267577
-1.84731528942869,3.77219382303578,-2.25904012799814
-2.54849468849102,3.31364031123665,-1.08015847944274
-2.89105311106605,2.38889873477346,0.250807161908328
-2.82676385491185,1.12796639011013,1.54672276994162
-2.36477851700556,-0.291784901482123,2.62537451489749
-1.57015879780116,-1.67062694650191,3.3349976612749
-0.554744602324352,-2.81454880048143,3.57576107908484
0.538578588025238,-3.56260570532318,3.31371410212469
1.55602053799003,-3.80948413234994,2.58557220917346
2.35455776164662,-3.52040148288594,1.49365164900426
2.82182327615872,-2.73592558014794,0.191409692828868
2.89225530083247,-1.5664027299473,-1.13805182211295
2.55596584876128,-0.176321363754583,-2.30777870895625
1.86032996148206,1.23872749410435,-3.15317859999043
0.903218079946111,2.479642982553,-3.55523541541725
-0.180761529810466,3.37180599565088,-3.45728477745755
-1.23921397738085,3.7895909341692,-2.87296767036179
-2.12328222286702,3.67417028443996,-1.88429948566012
-2.7088651224762,3.04172732002508,-0.630305781482671
-2.91360800468746,1.98117361800072,0.712692474028782
-2.70888653752337,0.641712184154354,1.95575798737764
-2.12354055697996,-0.788171667608963,2.92401881599484
-1.23987432199277,-2.10730380683933,3.48114920856504
-0.182096509223179,-3.1300696056851,3.54865792235164
0.901159545760797,-3.71252353177003,3.11689893974731
1.85772151087102,-3.77267209929634,2.24648257547944
2.5532041077142,-3.30200123686442,1.05970837517524
2.89007444177298,-2.36678796294904,-0.276491321671712
2.82098436548381,-1.09852838238636,-1.57415957420462
2.35574737935218,0.324378912659803,-2.65071448567089
1.55974646017504,1.70176809453786,-3.35457739035981
0.544783380152682,2.83982548695551,-3.58663444582407
-0.546610901401443,3.5784857434753,-3.31411358184606
-1.5612145588377,3.81380811372647,-2.57519219964255
-2.35667483961956,3.51271093495519,-1.47374448674468
-2.82124445719277,2.71748224676382,-0.164607801429568
-2.88984267750315,1.5399961864609,1.16806987122932
-2.55281858558959,0.145834715541901,2.33679573549196
-1.85751329012825,-1.2688993457121,3.17704508624898
-0.901521313597919,-2.50523234836759,3.57047012769762
0.180983173997826,-3.3892914762426,3.46157420174445
1.23811234918666,-3.79672462387948,2.8655503417025
2.12146243536526,-3.67023088471697,1.86607801736711
2.70724565004925,-3.02762633202278,0.603731208422711
2.91315731600137,-1.9592401194317,-0.74393965720584
2.71039506599819,-0.615334688339483,-1.9872848549244
2.12740368832451,0.815076566045626,-2.95134197466761
1.24594285114853,2.13088159295388,-3.50034160614439
0.189660915535201,3.14709528396693,-3.5569355218635
-0.893299858466939,3.72087385337017,-3.11300624491668
-1.85106069789519,3.77157900869375,-2.23087619227983
-2.54924689456646,3.29208814733831,-1.0345342899584
-2.89004681955161,2.34994987932593,0.307713152671003
-2.82555166881547,1.07758436094847,1.60702856233251
-2.36482683347193,-0.346144653351295,2.68057857899807
-1.57244978656911,-1.72111969478377,3.37719693368836
-0.559462358738237,-2.85410960811411,3.59878221746695
0.532116490969088,-3.58597986823295,3.31404547678076
1.54925725723074,-3.81390914119918,2.56290275101123
2.34940583203916,-3.50602074997574,1.45097407603427
2.82024017974946,-2.70561458836771,0.13459132626225
2.89579274785147,-1.52526702644099,-1.20108069151866
2.5653575159728,-0.130817375421116,-2.36814708219515
1.87518591458539,1.28181461696092,-3.20233211852786
0.921966496698885,2.51420639617828,-3.58617667375773
-0.160717317193746,3.39329698777998,-3.46556350944851
-1.2211218374104,3.7956799681174,-2.85736174537337
-2.11050289528462,3.66493210460187,-1.84697153630323
-2.70427080061854,3.01956508672249,-0.576483314475889
-2.91898115507531,1.95026886926877,0.775437764932244
-2.72451183715011,0.607302818154278,2.01859380772549
-2.1480105793061,-0.820653288041958,2.9781072616532
-1.27019092339223,-2.13309695591115,3.51890499201452
-0.214053459472714,-3.14580068074659,3.56484924389972
0.872390659122436,-3.71666209056817,3.10935111945306
1.83683293056529,-3.76567096346192,2.21636544747082
2.54396721107267,-3.28603319723619,1.01138087977744
2.89468342762911,-2.3453112615822,-0.336158036410929
2.83959528369128,-1.07563436354837,-1.6367464719942
2.38634067197585,0.34468334783193,-2.70746191593939
1.59834820349576,1.71625455431213,-3.39763615699239
0.585962715803472,2.84657778784143,-3.61013211946584
-0.508912236113395,3.57715370309473,-3.31497205108633
-1.53278171440217,3.80553933501356,-2.5535333254361
-2.34210680227347,3.49991620778302,-1.4328260768022
-2.82319010766128,2.70331496858434,-0.110371304194815
-2.90852650408772,1.52770762293496,1.22792252682894
-2.58596660523577,0.138106540099242,2.39390867063842
-1.90060226348918,-1.27045339148815,3.22358623755379
-0.948421291174737,-2.50035362675052,3.60023040758588
0.137124150098402,-3.37909385182267,3.47077529989594
1.20381696693499,-3.78351195826172,2.85336318336966
2.10193113331855,-3.65701114377604,1.8346639113099
2.70551657183636,-3.01754387277593,0.557820708327738
2.92965950131347,-1.95492729685314,-0.797739113912933
2.74282352961317,-0.618358708572123,-2.04144818253226
2.17104572679299,0.804549302735853,-2.99850254366045
1.29439701412044,2.11416832483186,-3.53429163892429
0.235807821952069,3.12682273910207,-3.57347142357628
-0.856234548721153,3.70054333714942,-3.11042956677196
-1.82846756786563,3.75499206239191,-2.21014999875916
-2.54433548388543,3.282601092797,-0.999050746708964
-2.90335141854936,2.34986416986547,0.352722793838368
-2.85488810878093,1.08771667630339,1.65522648231698
-2.40562739834712,-0.326662633984112,2.72544049743996
-1.61849346333538,-1.6948148153479,3.41291434342888
-0.603855527407557,-2.82480795461056,3.62099028655119
0.495881372470351,-3.55822590627939,3.32035620119512
1.52632562900493,-3.79220375324672,2.55311326719589
2.34281415617224,-3.49411328488674,1.42698306911954
2.83046986347102,-2.70586553401009,0.100138037127562
2.92075724713919,-1.53821483801962,-1.24106533569684
2.60083573406968,-0.155013430576546,-2.40825489733739
1.91550905587966,1.24960886839867,-3.23740728909564
0.960914225211855,2.47857088991386,-3.61198618424302
-0.128925409821966,3.35946932077373,-3.47926926568232
-1.20093720795807,3.76873393140384,-2.85784665219081
-2.10440380551376,3.64901306251706,-1.8348966965635
-2.71241732603463,3.01724133658769,-0.554027408469569
-2.93934397098483,1.96211418491033,0.804915326503258
-2.75322848722639,0.631759817028007,2.05106032454551
-2.180105877589,-0.787052766416598,3.00942286640905
-1.30041820610115,-2.09517166170335,3.54532786537876
-0.237765080919763,-3.10900130052805,3.58349486641734
0.858510594289576,-3.68622907879653,3.11848911803715
1.83427379534699,-3.74587802328335,2.21552045760215
2.55226742007794,-3.2795328348618,1.00128379749478
2.91154315117294,-2.35273226943649,-0.353776533779034
2.86143106868244,-1.09559325917733,-1.65941060509162
2.4089009462289,0.315320641618377,-2.73230479125306
1.61752942256894,1.68187563811373,-3.42174674709829
0.598556693425295,2.81211721959808,-3.63089553221459
-0.504702982085995,3.54735772562194,-3.33032786398904
-1.53707504206681,3.78424355332177,-2.56211335921759
-2.35337768947122,3.48952855571901,-1.43402993897937
-2.83864280362211,2.70456656795163,-0.104433928666364
-2.92459547352752,1.53963262007349,1.24005015616774
-2.59909749804526,0.158316367719692,2.41070396713799
-1.90792532442505,-1.24530039769762,3.24312768316167
-0.948284840131974,-2.47400504960082,3.62041384705341
0.144799432003067,-3.3551231638065,3.48948856591206
1.21751547445333,-3.76476359418615,2.86868604484914
2.11881077367264,-3.64527693906873,1.84506943709133
2.72192148922509,-3.0134226698588,0.562282711502222
2.94187266460145,-1.95789783826561,-0.799618642196676
2.74773941595638,-0.626972961801122,-2.04944073947856
2.16685950547234,0.792302631072482,-3.01174147975096
1.28100212124597,2.10042111992834,-3.55134994731417
0.214888052564917,3.11343651361714,-3.59249963127463
-0.881379527958484,3.68883320240528,-3.12935852881855
-1.85344270103562,3.74562069271076,-2.22688716260965
-2.56442887460641,3.27562791428416,-1.01170482819868
-2.9142971608549,2.34482037645807,0.345644612284443
-2.85377876426208,1.08394894345117,1.65460955667153
-2.39142469990545,-0.329720211633326,2.73143906350297
-1.59239078383596,-1.69738866520821,3.42489071272584
-0.569256000090542,-2.82663930321411,3.63758588181866
0.533851080744531,-3.55856849307789,3.33963908225362
1.56157527105766,-3.79001147389778,2.5727746377263
2.36924091376433,-3.48825022428805,1.44459608487714
2.84307910888885,-2.69554489592384,0.113506191589374
2.91641643077503,-1.52325818121991,-1.23362874078826
2.5790239992775,-0.13619602578133,-2.40768902505416
1.87852703480796,1.27051021793219,-3.24377573512079
0.913640977128554,2.49891704087321,-3.6244747095543
-0.179659412480123,3.37610772755368,-3.49624374894844
-1.24736494867409,3.77844617785211,-2.87705266489695
-2.13902751138063,3.64911997711607,-1.85379624015079
-2.72917920210454,3.00616124595478,-0.570153677727182
-2.93474705348941,1.93985746018918,0.793612715467453
-2.72689678379263,0.600077395755083,2.04596691445335
-2.13505198889216,-0.824696770727647,3.01103724468796
-1.24269325428716,-2.13396282422852,3.55321247814616
-0.175594522456332,-3.14338420723491,3.59635393845492
0.915868067391276,-3.71072885447373,3.13437724006944
1.87794324954831,-3.7559820520007,2.23215835481247
2.57514642608149,-3.27253275773451,1.01640660455952
2.90940152447446,-2.32821957297337,-0.342129179434805
2.8337551203537,-1.0557658705773,-1.65259032888786
2.35899349825131,0.365853381029073,-2.73090289750432
1.55213764444986,1.73658407529446,-3.42552850808977
0.526989045749274,2.86341702053378,-3.63888768675795
-0.571971838971927,3.58766354960291,-3.34102232035247
-1.58993451834268,3.80715873633755,-2.57373904203473
-2.38360262842045,3.4908007622433,-1.44481950868038
-2.84124201174741,2.68290139980752,-0.112920358148992
-2.89850981698085,1.49696359322459,1.23480402135006
-2.54754893883109,0.0997903836632759,2.4089896377762
-1.83798126190955,-1.31200501274581,3.24459646799839
-0.869868983654819,-2.53971073512398,3.62421297611944
0.220304924635631,-3.41046878438683,3.49446219367841
1.27897229043998,-3.80153786861828,2.87357433779726
2.15701523395935,-3.6577013376295,1.84881600645937
2.73091329644957,-2.99900863130317,0.564248581884884
2.92001838601939,-1.91801936461741,-0.79954252121556
2.69786736739737,-0.566671493167265,-2.05083116367871
2.09597773474432,0.864914407875671,-3.01373870477157
1.19927647454008,2.1753165296531,-3.55286903966466
0.134132571053191,3.18008296975949,-3.59247314164974
-0.949390806704931,3.73774055743084,-3.12701148929178
-1.89872069995738,3.76970529673499,-2.22195695616914
-2.58028121595488,3.27132879705259,-1.00460143956993
-2.89824827455367,2.31257395510526,0.353879172680712
-2.80807609241636,1.02820947157535,1.66243661895507
-2.32263515888292,-0.401188248392753,2.73709931593227
-1.51045200421443,-1.77457571920223,3.42672209014417
-0.486045469717468,-2.89873474755716,3.63438756996336
0.606285089940815,-3.61550957119,3.33095529598856
1.6127591530515,-3.82395004602794,2.55913715419313
2.39180521619338,-3.49463312408231,1.42749497567325
2.83385868136048,-2.67378689213757,0.0952534011017858
2.87682770794496,-1.47672098197277,-1.25020032301696
2.51490236802861,-0.0717226692377412,-2.41965745401356
1.79922895318713,1.34366139944404,-3.24863201604116
0.83067326712001,2.57041235452344,-3.62058131956913
-0.254308714746823,3.43604424734097,-3.48323888763729
-1.30299971017394,3.81874780909637,-2.85597388713364
-2.16781525683216,3.66467025225292,-1.82708049384748
-2.72720001202195,2.99538239387652,-0.541352427847876
-2.90263290139415,1.90496489175609,0.820312129025307
-2.66958372721734,0.546600787749319,2.06635184838367
-2.06108481746079,-0.888737025196825,3.02152253541054
-1.16292305545959,-2.19932777354233,3.55147871531715
-0.101560380402756,-3.20096488557591,3.58174526393484
0.973608220469224,-3.75286049033164,3.10816267682345
1.9113130865797,-3.77744648182779,2.19742180071185
2.57976313272321,-3.27129884832721,0.977745864262458
2.88502668646354,-2.30550667716256,-0.379237587826161
2.7844084836468,-1.01580001084135,-1.6825962067528
2.29221569134753,0.416654216102528,-2.74902104749662
1.47784468095594,1.79060425182545,-3.42848788074919
0.455989478151363,2.91300659686047,-3.62552853017198
-0.629566849324112,3.6262231998359,-3.31254646895374
-1.62615273613848,3.83007376314081,-2.53367897342097
-2.39370830772011,3.49593937108566,-1.39854796916122
-2.82440127804057,2.67082785593668,-0.0669441675112502
-2.85774301458033,1.47062019579813,1.27378648629544
-2.48926505026461,0.0639272962208647,2.43508173095038
-1.77094178246917,-1.35166406056139,3.25361398511952
-0.803886046316346,-2.57735141733066,3.61434180497022
0.275828090279117,-3.44104386774821,3.4666454240918
1.3163886171387,-3.82145358735755,2.83140768443232
2.17148582900404,-3.66523829403873,1.79810733019763
2.72104157708194,-2.99434272743819,0.512159380805582
2.8879535672608,-1.90308171414017,-0.84551787312368
2.64885502048793,-0.544676769034155,-2.0839658093387
2.03753582622739,0.890052683743157,-3.02905947640142
1.14003442563634,2.19966142595799,-3.54795837130853
0.0825624147096407,3.20028722291486,-3.56780001694365
-0.98620237569921,3.75148777412077,-3.08593836543381
-1.91604247589488,3.7759214692589,-2.17023328435152
-2.57637052912845,3.27026234673026,-0.94960288798136
-2.87444106625763,2.305546612288,0.404243417709667
-2.7685414615021,1.01730769464403,1.70089584769152
-2.2736419035973,-0.413565826026116,2.75810388468362
-1.45937643850676,-1.7861761893373,3.42724493725205
-0.440241441332082,-2.90782450389782,3.6144060630751
0.640533587091224,-3.62111020178597,3.29340538368745
1.63110509852565,-3.82594979390474,2.5095475750123
2.39234044881531,-3.49364760355355,1.37311187706779
2.81736617425839,-2.67100119892162,0.043979890989819
2.84646026877149,-1.47351607503499,-1.29098558170516
2.47565799595299,-0.0693475372656839,-2.44418384505788
1.75711975771457,1.34435294043509,-3.25358081281597
0.791821675526261,2.56911537875814,-3.6055342992691
-0.284587847579976,3.43307134761111,-3.45075237713267
-1.32091612898612,3.81492109768616,-2.81111576806789
-2.17158303474486,3.66117038324027,-1.77667939663326
-2.71715005004446,2.99341093477415,-0.492880269780644
-2.88107436629641,1.90550376940552,0.859834640158151
-2.64031823006454,0.550176977630942,2.09139796221995
-2.02875681738128,-0.882212792134414,3.02883626983227
-1.13228636380231,-2.19056442720044,3.54054009921181
-0.0768040085527011,-3.19120724516757,3.55475110337882
0.989466527151339,-3.74367727360437,3.06964395369461
1.91678247802151,-3.77042715349284,2.15344776111653
2.57497059046908,-3.26777976024707,0.935016793510467
2.87157106018826,-2.30631011498817,-0.41443555939704
2.76499468700972,-1.02109908676137,-1.70532111226236
2.27017761955952,0.407361984442577,-2.75640901996419
1.45656446342355,1.77849082617467,-3.42010450126393
0.438352370648753,2.89973350232126,-3.60335897083948
-0.641529108486501,3.61369071521538,-3.28055522510155
-1.63149540800776,3.82010952405249,-2.49719156085369
-2.3925625724605,3.49001411100117,-1.36333740316638
-2.81787595071578,2.66987828268068,-0.0383416114379398
-2.84761191930039,1.47484745680033,1.29172765084776
-2.47757669944579,0.0727464908449731,2.44015386422087
-1.75964345440931,-1.33949163424109,3.24575165303811
-0.794505276927808,-2.56353215602708,3.59550335958972
0.282404728086434,-3.4274766063608,3.44045640955425
1.31995816140602,-3.80995185863505,2.80249340447258
2.17250346254551,-3.65730874355528,1.77132741346709
2.72031733865124,-2.99092453215758,0.4917412599466
2.88646280455288,-1.90445132467696,-0.85661101236436
2.64746789271216,-0.550446212840433,-2.08447346111829
2.03676591618432,0.880875731427038,-3.01953917043747
1.13993906197382,2.18846201277089,-3.5306386598734
0.0827691927629143,3.18860973387398,-3.54611696139816
-0.986429499848869,3.74083920658619,-3.06392936654567
-1.91757580467392,3.767513026777,-2.15177565889218
-2.57998209076876,3.26489151111966,-0.937778017941502
-2.8805359759689,2.30351275691717,0.407650855618856
-2.77694701854532,1.01844585624061,1.69564620426508
-2.28357473538961,-0.409753848054047,2.74551099475232
-1.4694821123915,-1.78044277436508,3.40988713854441
-0.448748227145393,-2.90102069594263,3.59565232136206
0.635478722840478,-3.61406127870685,3.27676563570517
1.63108821334778,-3.81933348746654,2.49805445597051
2.39833208013424,-3.48791493559301,1.36879640259331
2.82943115507974,-2.66642206576206,0.0475627089434044
2.86363672755639,-1.47021214797138,-1.28022525416309
2.49596279566406,-0.067311652784871,-2.42824638566912
1.77778582842857,1.34513947422438,-3.23540541515076
0.809672276751848,2.56867340938406,-3.5884182478698
-0.272659426293315,3.43136491851798,-3.43780116747114
-1.31739621927646,3.81189892818373,-2.80470487091463
-2.17789512146789,3.65684747187151,-1.77804978987542
-2.7332698512468,2.98791521565544,-0.501882273612507
-2.90540996809883,1.89909404296988,0.844697650955067
-2.66988244050013,0.543300574113783,2.07270909656244
-2.05947332462831,-0.88896149561878,3.00979986767071
-1.15959698062956,-2.19643331434302,3.52443687670432
-0.096358176819249,-3.19537383385434,3.5443610489362
0.981142795042065,-3.74536830504195,3.06680416154055
1.9216411231274,-3.76905039012395,2.15870276429274
2.593106542118,-3.26306367722509,0.947519365666907
2.90107624502569,-2.29841321384705,-0.396756969964951
2.80208640961875,-1.01062019842457,-1.68539334882268
2.30973980351138,0.419327094264268,-2.73752085100859
1.49285102906924,1.79049518965502,-3.40533283090262
0.465823331061711,2.91016279742686,-3.59509097501192
-0.627334785076938,3.6209758837464,-3.28004977436824
-1.63324413449383,3.82299341295521,-2.50437052063124
-2.41065222157703,3.48771577279981,-1.37686093383355
-2.85026476905075,2.66228458259675,-0.05584739273176
-2.8900690642361,1.46262885838595,1.27319783340342
-2.52420272027248,0.0572768278729412,2.42363679303584
-1.80372893404499,-1.35624814099975,3.23385412527105
-0.829511748030286,-2.57931062314551,3.58994494370863
0.261875293260433,-3.44002219076865,3.44181113331616
1.31730045094022,-3.81733890594367,2.81012459983382
2.18853340180318,-3.65827504494355,1.78356128874896
2.75311659104337,-2.98511528271148,0.50621441172308
2.93155686098205,-1.89245455218432,-0.842533286391293
2.69850225916749,-0.533763305942514,-2.07321358493447
2.08637262595861,0.900051169308728,-3.01286821648336
1.18083194495061,2.20751122788511,-3.52937769281387
0.108835704752467,3.2048683094037,-3.55001301709273
-0.97919369732157,3.75195153508839,-3.07176591863836
-1.9304136228524,3.7718185999689,-2.16164373349232
-2.61118959046606,3.26166805744701,-0.947432460076978
-2.92568533903059,2.29310969429592,0.400311327041484
-2.82947361449659,1.00220220934304,1.69213524153571
-2.3357860459414,-0.429636917640646,2.74647416621039
-1.51368817745473,-1.80121506576659,3.41494739928764
-0.478448130194539,-2.91976598671272,3.6035071019933
0.624636812483281,-3.62812547629824,3.28544115287264
1.64065649293651,-3.82671003675246,2.50526594672408
2.42681760459123,-3.48751507817684,1.37248139836563
2.87252769523215,-2.65820405147573,0.0462948828946649
2.91491789467764,-1.45527874684237,-1.28685769011546
2.54779444698373,-0.0477363385972509,-2.43948039139741
1.82252705950104,1.36659388225179,-3.24937728205344
0.84079918282695,2.58896410474315,-3.60244827157605
-0.259573934913221,3.44762354935914,-3.44885100691292
-1.32402415428679,3.82180043657571,-2.80996081920266
-2.20292625851825,3.65897024048893,-1.775495997459
-2.77267595342698,2.98197697743509,-0.490838465184929
-2.953023276746,1.88596010778526,0.863369763894449
-2.71844561496076,0.524881427977604,2.09661378284484
-2.10172028033981,-0.91001367732571,3.0352989668332
-1.18934574548774,-2.21709790600638,3.54719931676903
-0.109454267402335,-3.21270082125895,3.560061795296
0.986222809698508,-3.75688372706246,3.0719041075164
1.94363114526086,-3.77312989440181,2.15119360630532
2.62814561612345,-3.25917461940874,0.927327017478209
2.94342730636733,-2.28719333352117,-0.427550447770526
2.84501793377758,-0.99373293205176,-1.72274891008288
2.34662170256269,0.439438484526478,-2.77595234612621
1.51818139152891,1.81092872868278,-3.43871863585939
0.476092248928245,2.92796369349872,-3.61764949274848
-0.633167339865977,3.63358408260388,-3.28734594992413
-1.65364090783043,3.82859809805199,-2.49409079590821
-2.44182803204472,3.48552326439885,-1.34936086105107
-2.8868232273285,2.65254381414911,-0.0142083245021791
-2.92595579402487,1.44670163641755,1.32344472349628
-2.5536368426229,0.0374448154265803,2.47525774584334
-1.82218885768628,-1.37713374669443,3.2789522891345
-0.834410772631561,-2.59822830863116,3.62119602244269
0.270783987538407,-3.45420844897997,3.4536313410863
1.33796581168119,-3.82468612225607,2.79963515423094
2.21703148104229,-3.65761916833962,1.75113311453495
2.78432919382248,-2.97646475873032,0.455687598580427
2.960016538059,-1.87694523012611,-0.904358465800489
2.7194078883168,-0.51356250235834,-2.1375015960574
2.09635545205759,0.922064940820358,-3.07002574786266
1.1784883323814,2.22816399818576,-3.57050447390431
0.0949237700165789,3.22113901859121,-3.56828927602402
-1.00191091012493,3.76140168468517,-3.06358439416925
-1.95767837546896,3.77297875632202,-2.12732021056103
-2.63797860404769,3.25424261379605,-0.891206789972622
-2.9471665743784,2.278082726186,0.470726488875102
-2.84176127014854,0.981647328517269,1.7666772711392
-2.33666487750544,-0.452844359632768,2.81416745420203
-1.50297864390791,-1.82376766864466,3.46555144147376
-0.458037438842527,-2.9383861117041,3.62909222351068
0.651120724923033,-3.64004866658873,3.28166853648833
1.66846571369009,-3.83008737992323,2.47210882482366
2.45094613281878,-3.48172472726535,1.31434247803948
2.88850052880845,-2.64387878956358,-0.0286699792467024
2.91966847930228,-1.43430089627887,-1.36784382087481
2.54013557951323,-0.0229965084727116,-2.51463883533223
1.80341292542376,1.39163273427597,-3.30754486691209
0.813229718548773,2.61072026452997,-3.63486791790409
-0.291042667177282,3.46289246406856,-3.45051380241746
-1.35404473504412,3.82826159912566,-2.78038252075543
-2.22626030406273,3.65546869932715,-1.71878119909445
-2.78509042999468,2.96876667521736,-0.415195224763487
-2.95198656844033,1.86464853974537,0.946876404202431
-2.70365852349836,0.498302980167154,2.17570293016666
-2.07519790931609,-0.938164868505865,3.09832471442849
-1.1551140817892,-2.24282992189411,3.58489268589134
-0.0729122252220856,-3.23230432962395,3.56692299068741
1.0191483236547,-3.76742858744448,3.04699852278727
1.96742725054324,-3.77295977112733,2.09834696147083
2.63865456326542,-3.24810570891241,0.854485466393555
2.93859924975053,-2.2666711407903,-0.509475730298671
2.82519598447705,-0.96656310558029,-1.80157998476239
2.31459218838422,0.469477968819167,-2.84007485693682
1.47874162692549,1.83959753310025,-3.47882586284936
0.435299931312417,2.95115299867886,-3.62812872907129
-0.668928934213984,3.64792927616885,-3.2671073910414
-1.67867392554045,3.83195856574786,-2.44664907772613
-2.45205446225786,3.47736427396481,-1.28230631034436
-2.88038035085014,2.63394552816032,0.0620970014626889
-2.90362449581821,1.42026088060917,1.39743340598092
-2.51864529616376,0.00689069737633594,2.53594429049468
-1.77974529528925,-1.40748753822496,3.31757576650807
-0.790945051786853,-2.62406890596254,3.63253061654657
0.308648183122304,-3.47184669117276,3.43671300567396
1.36443564822686,-3.83162309815105,2.75783465175974
2.22801218906263,-3.65284116478013,1.69149551488061
2.77814484218164,-2.96064143316418,0.387788603025687
2.9375606064326,-1.85227837668785,-0.969939246715742
2.68406579944572,-0.483550734095617,-2.19082806594955
2.05346799638319,0.953128282434937,-3.10335838165498
1.13450334039758,2.25584970219985,-3.57943796866976
0.0564376385387659,3.24154007859867,-3.55234483218819
-1.02918919662833,3.77165893235639,-3.02613760239736
-1.96978778549878,3.77172880126102,-2.07500420237645
-2.63326805194868,3.24174863115486,-0.832775251173418
-2.92656923764109,2.25629603098282,0.52583645047976
-2.80857153820627,0.953829740151957,1.80988869632542
-2.29603173393235,-0.482607410989253,2.83908851766116
-1.46108639592084,-1.85116738532005,3.46894967438733
-0.421104791122917,-2.9595099206429,3.61129857195912
0.677747307348969,-3.65198338120139,3.24643968303008
1.68110727167368,-3.83129705780322,2.42590645796303
2.44810849501479,-3.47234272133107,1.26523678970072
2.87101738056113,-2.62556232753079,-0.0724190045078333
2.89059069069449,-1.41000321757141,-1.39913518975283
2.50412593264435,0.00355001075976412,-2.52867508959874
1.76599863876029,1.41648448375378,-3.30256659315468
0.779961295855641,2.6302895535091,-3.61238766681058
-0.315449409996155,3.47447675069855,-3.41496387930352
-1.36638284484145,3.8304717556022,-2.73833951509768
-2.22523932985312,3.6483171982865,-1.67776106101582
-2.77150878391997,2.95368906668889,-0.382369060598685
-2.92842766489344,1.84417786507978,0.965885721583369
-2.67406806781303,0.47571669887354,2.17775376553662
-2.04420791305901,-0.959383575745233,3.08326947133394
-1.1273098192012,-2.2595362058028,3.55556647474597
-0.052164088620789,-3.24216843032994,3.52865903087675
1.03026329437487,-3.76925390442993,3.00664070977094
1.96795613694816,-3.76685569785124,2.06307501588521
2.62925832770348,-3.23534530825629,0.830615402153724
2.92139362712017,-2.24955107574665,-0.517608079427595
2.80329045982436,-0.94796241254425,-1.79234462575146
2.29156435054764,0.486543459365495,-2.81484400633964
1.45805290971666,1.85247917847408,-3.44175415380696
0.419731208494623,2.95797596293647,-3.58543375882499
-0.677612188014482,3.6478768651257,-3.22605189712116
-1.67992603279491,3.82532969140279,-2.41431349929088
-2.44651780362075,3.46558165576707,-1.26440387428764
-2.86966050206795,2.61922629744725,0.0621819675381898
-2.88995620740806,1.40525023911385,1.37926176703123
-2.50445227924524,-0.00583881098983503,2.50213277583407
-1.76720210717612,-1.415836061513,3.27337888625786
-0.781665292856655,-2.62673091897252,3.58501941929358
0.313849531678036,-3.4685010407781,3.39360953065537
1.36555700029956,-3.8230030192623,2.72630366337696
2.2257673137637,-3.64054440647573,1.67691663891488
2.77370141016542,-2.94687860332031,0.392862784993908
2.93223231856509,-1.83945376954824,-0.945643514242422
2.67903832286736,-0.473885205833321,-2.15084301489956
2.04954018142679,0.957964521411395,-3.05375958993271
1.13198777519421,2.2550024780163,-3.52788118372378
