-0.771820362692053,2.68342876561889,-2.1365190797294
-1.71151545560398,2.76997259842882,-1.33227247698193
-2.41085473270991,2.46722478328983,-0.34088338458144
-2.7716230352762,1.8176671875175,0.698347978277511
-2.74313199114675,0.912522343188097,1.63944236804484
-2.32939324479258,-0.121071350955308,2.35017547432172
-1.5884842139337,-1.13789844706446,2.73069319389428
-0.624469719616546,-1.99503888659783,2.72753279457235
0.427240787947494,-2.57197451343967,2.34114593365361
1.4189735792415,-2.78756941080012,1.62583223588314
2.21143362842464,-2.61147500205439,0.682094934830449
2.69333358719351,-2.06837269531171,-0.357469435950684
2.79700424645574,-1.2344757432071,-1.34681807924391
2.50787030060604,-0.226936172952075,-2.14695542182312
1.86650348584257,0.812684960125854,-2.64543018791145
0.96296651222082,1.73828872633533,-2.77220874776257
-0.0758316216876008,2.41976174827094,-2.50949898095905
-1.10401339447042,2.76131509369617,-1.89420307669206
-1.97717485287841,2.71488815799179,-1.01275106288039
-2.57267561232082,2.28693081249627,0.0110290412788884
-2.80685051391561,1.53748307343114,1.03332097114908
-2.64681897388716,0.571845742803146,1.91047346005212
-2.11503496461271,-0.474273580992381,2.51921544975873
-1.2861965491177,-1.45387561933153,2.77404737128366
-0.276674696025248,-2.22930754374284,2.63912874779658
0.771749533045562,-2.6915398234426,2.13335150081281
1.71182933480782,-2.77556621445841,1.32773134872121
2.41151922895976,-2.46953873418416,0.335471662388144
2.77252730492921,-1.81643812690114,-0.704010189155644
2.74411026400643,-0.908023134911524,-1.64467207527707
2.33025590951079,0.128068652437111,-2.35430883515065
1.5890554101422,1.14626156657812,-2.73317313526958
0.624608867930547,2.00345979570682,-2.72797417684829
-0.427602230168419,2.57916819608707,-2.33938965341525
-1.41981486811145,2.79246292612948,-1.62197895386116
-2.21263108709907,2.61337458640008,-0.676529465823284
-2.69468798412147,2.06706982055795,0.364114735141415
-2.79826441211005,1.23027560113018,1.35373822959482
-2.50877717092817,0.220575283311621,2.1532572755358
-1.86683720433904,-0.82015381334226,2.65024780767335
-0.962591421160187,-1.74565790512703,2.77481220541304
0.0769327065779027,-2.42585714377803,2.50940809313496
1.10572223541395,-2.76517910565458,1.89127449008889
1.9792528739809,-2.71593796946192,1.00722586856425
2.57479096702084,-2.28503835730177,-0.0185469230766056
2.80863632115199,-1.53298961690702,-1.04191432945273
2.64792401293284,-0.565508963125892,-1.91902270625749
2.11519366121863,0.481404507009246,-2.52653708911321
1.28527832100795,1.46062532963956,-2.77905741343504
0.274719801129006,2.23456187926238,-2.64100588922745
-0.774524676677961,2.69442207990802,-2.13166556675058
-1.71505250072448,2.77557860945855,-1.32252743183975
-2.4147114262791,2.46663233487336,-0.327288854832117
-2.77517181385475,1.8110237982715,0.714189088792013
-2.74573470022339,0.900923423601798,1.65551709266701
-2.33051755827527,-0.135727409299532,2.36431728625025
-1.58780861781276,-1.15323591893503,2.74088468664681
-0.621928871434243,-2.00858569396368,2.73217913925783
0.431410846244062,-2.58155213825433,2.33930678891369
1.42425268238857,-2.79161353484149,1.61739745670384
2.21706814579926,-2.60929284054179,0.667874116685062
2.69845345673423,-2.06027246869111,-0.375803167382028
2.80074987318301,-1.22173819093007,-1.36692863561095
2.50953561041033,-0.211576406830785,-2.16612901409032
1.86565373862823,0.828217516472813,-2.66093743715955
0.959533083285045,1.75147404110522,-2.78167636022798
-0.0815149910801243,2.42840458557305,-2.51127766629389
-1.11122961740693,2.76389587891333,-1.88766264346355
-1.98492310100007,2.71083164823695,-0.998415956437218
-2.57980265787423,2.27672054084294,0.031502101678432
-2.81223825338259,1.52258580389428,1.05731301698675
-2.64954342579227,0.55450540129366,1.93474453056742
-2.11452377392171,-0.491366818908795,2.54032606841296
-1.28233036873459,-1.46798699658295,2.78884566306192
-0.269843049775914,-2.23807954053436,2.64523441414734
0.780693827977652,-2.69338577115436,2.12953041017236
1.72167626149058,-2.76992599601439,1.31411446596729
2.42086627642811,-2.45698559030335,0.313591969763861
2.77997311419743,-1.7986217081113,-0.731377534455382
2.74848064672551,-0.887464260121264,-1.6738344020086
2.33078713545946,0.148303570024984,-2.38115762081891
1.58553354158173,1.16303032425898,-2.75378018408993
0.617392942375684,2.01403254458339,-2.73916065157652
-0.437606653883758,2.58166635879364,-2.33919921411975
-1.43126657232268,2.78614591809533,-1.61001013802547
-2.22393571003616,2.59879728155211,-0.654072210443955
-2.70423115692754,2.04606973621484,0.394202333799014
-2.80464225418518,1.20575454212951,1.3873996971442
-2.51101217311249,0.196066297801149,2.18578096639552
-1.86451508539653,-0.840990953794945,2.6769314888088
-0.955942199460095,-1.75956401342937,2.7916297725759
0.0870609063905789,-2.43046664093546,2.51362062705168
1.11796628026238,-2.7594196443399,1.88189327984708
1.99193305860018,-2.70024177379323,0.985197056900631
2.58613666091889,-2.2613483023709,-0.0504156508670587
2.81705813846187,-1.50450081098327,-1.07931218463023
2.65222675088866,-0.536232123720852,-1.95673042968442
2.11474163912286,0.50720666743804,-2.55914537793847
1.28009227921943,1.47904832742732,-2.80175211014023
0.265493812424585,2.2426403074001,-2.65029685699185
-0.786533183935655,2.69061879399217,-2.1259257417664
-1.72820292252455,2.76005098855214,-1.30226177377009
-2.42721016757719,2.44124854848459,-0.295089874381158
-2.78530307022129,1.77913076615309,0.753958971141569
-2.75212368038941,0.866914422909213,1.69730718880842
-2.33231505615861,-0.166988595269383,2.40218040657396
-1.58481587724881,-1.1771301678919,2.76933811763618
-0.614593966465283,-2.02144027115437,2.74700893244958
0.442056153966177,-2.58120153280904,2.3381796336591
1.43673071073675,-2.77774372782708,1.60022998809841
2.22967292382667,-2.58353085296297,0.63689145744004
2.70949358447752,-2.02601917411007,-0.416355490324165
2.80877023466761,-1.18372437531597,-1.411381696094
2.51352309343047,-0.175183667770838,-2.20818148501674
1.8651545780323,0.857726383767931,-2.69456999655423
0.954710756277969,1.76971427082563,-2.80200553551084
-0.0899231555129099,2.43251714102161,-2.51527250107849
-1.12202508982203,2.75300648306726,-1.87461166541212
-1.99661418784366,2.68621742763953,-0.970054175653978
-2.59081220131729,2.24167967146113,0.0712190584610871
-2.8211299211472,1.48198672446026,1.10277945817267
-2.65520234638201,0.514086112576324,1.97950994157616
-2.116288739747,-0.525819141204637,2.57801161532902
-1.28007346777362,-1.49145900971871,2.81406072034632
-0.263990771956377,-2.24706646961428,2.65437167929152
0.789250738800994,-2.68642310115352,2.12129712021558
1.73171894496833,-2.74784550258171,1.28971469258408
2.43102287442006,-2.42279925891338,0.276523364381527
2.78889486285609,-1.75709205807254,-0.775818121777511
2.75502404732334,-0.844443184666281,-1.71930334568219
2.33416317784437,0.18668118470252,-2.42118849570301
1.58541658734184,1.19124390355315,-2.78272010411083
0.613926596074874,2.0279994409688,-2.75298728454806
-0.443836478757265,2.57933078030295,-2.33607154166023
-1.43931537446845,2.76778596990954,-1.59051100271973
-2.23264609747649,2.56697699807687,-0.62112835373508
-2.71240271783563,2.00528342952267,0.435772948400181
-2.8111820345817,1.16180329559623,1.43159867105063
-2.51509255126888,0.155211839646619,2.22629652495515
-1.8656772050224,-0.872932573198796,2.70806417668221
-0.954145018039343,-1.77806316344739,2.80909295196367
0.0914508323855501,-2.43292963032966,2.51513279516192
1.12423666289293,-2.74554864791537,1.86748755191147
1.99911955015584,-2.67207952389224,0.957189461558791
2.59316747187057,-2.22298138374712,-0.0877812293942004
2.82292032042928,-1.46146343441177,-1.1205298002904
2.65610083593188,-0.494682044499525,-1.9958554405068
2.11610945569069,0.541388025894495,-2.59065200328168
1.27880364802322,1.50108714950577,-2.82131271038389
0.26181831128675,2.24953358987786,-2.65539886418349
-0.791968070012024,2.68155206420832,-2.11620860560185
-1.73451020454728,2.73651054013587,-1.27951430085264
-2.43337257951662,2.40676723928365,-0.262919188956586
-2.79032909859532,1.73873607229032,0.790684765603515
-2.75519318947921,0.826388669765788,1.73320221042658
-2.33290933004288,-0.201920791196467,2.43212038694426
-1.58281921469507,-1.20162593663924,2.78921546594972
-0.610303490895934,-2.03223095366188,2.75430937871811
0.447957438325692,-2.57702769015127,2.33229435313475
1.44327479789178,-2.75948725860255,1.58246633577819
2.23575431615686,-2.5540339093083,0.610244302903742
2.7140413101415,-1.98963386758711,-0.447708932287484
2.81091531765564,-1.14568636786325,-1.44272015733829
2.51276509683342,-0.14084670097693,-2.23495313875347
1.86146093839263,0.883655427568579,-2.71306577657237
0.948532419336015,1.78383142283592,-2.80986808381004
-0.0977022336023202,2.43317229130706,-2.51178711138462
-1.13020141671978,2.7404590630246,-1.8607553408666
-2.00382543018302,2.66255931495795,-0.948298027270951
-2.59575549733973,2.21050236863376,0.0973061417779191
-2.8227938449249,1.44783850251397,1.12912957965476
-2.6530420993743,0.481778448247209,2.00219185684036
-2.11033466335359,-0.551910127358795,2.59380864871228
-1.27096293578604,-1.50797383849353,2.820917420281
-0.252935742553302,-2.25206896207655,2.65166749652319
0.800627236452939,-2.67962972453048,2.1099025519368
1.74162407758543,-2.73061112875694,1.27179182838394
2.4377589570676,-2.39785932782108,0.25512896086063
2.79113514954195,-1.72811119969134,-0.797224177834956
2.75205124079844,-0.815475411376117,-1.73741145143114
2.3260185237621,0.211752342899134,-2.43333521649674
1.57295929639879,1.20922514095614,-2.7872880425416
0.598745023727965,2.03680172445261,-2.74962484611143
-0.459617365010131,2.57819673989451,-2.32569493278435
-1.45332966297043,2.75731428431358,-1.57510226823632
-2.24263950219123,2.54896321714441,-0.603384081860716
-2.71658473952463,1.9824096488752,0.452898114179631
-2.80851814035876,1.13724464584483,1.44534336603419
-2.50553266881865,0.132207900300026,2.2345421981815
-1.85021952051422,-0.891515551245818,2.709659025556
-0.934734632617793,-1.79008675149306,2.80400343919004
0.112171086976752,-2.43722490138535,2.50440274408831
1.14327699038115,-2.74197893045956,1.8530364314889
2.01356364298233,-2.66148879738162,0.941498240739422
2.60062307153226,-2.20704884516099,-0.102054114924068
2.82191627807456,-1.44244581777434,-1.13101023020227
2.64635140408425,-0.475062054536192,-2.00083052973204
2.09860238868123,0.559232084077901,-2.58933813682651
1.25571528855212,1.51514954908651,-2.81396024099733
0.236252824206987,2.25836703985718,-2.64324052846118
-0.816391651863824,2.68440900955034,-2.10127754282484
-1.75419238238014,2.73338625491451,-1.26430142161776
-2.44525789137158,2.39835108584034,-0.249953152917265
-2.79237357441011,1.7262537472351,0.799236404548582
-2.74671508183696,0.811427703755179,1.73587529694928
-2.31473092490023,-0.217609367861731,2.42839717292748
-1.55720935356698,-1.21631206272918,2.77960385880123
-0.580696736278273,-2.04438797265737,2.74027649540201
0.477431740111358,-2.58546610273293,2.31603390002583
1.4683703002295,-2.76345854107968,1.56655153957568
2.25273279436122,-2.55325640255484,0.597217958237307
2.7202401652279,-1.98429102719995,-0.45574168910652
2.8051460613641,-1.13639720172278,-1.44439470874501
2.49554734129154,-0.128619061390184,-2.22987168355164
1.83499165943273,0.897534892514963,-2.70187752462682
0.916394585565853,1.79792242515286,-2.79417992684961
-0.131039414218889,2.44602350962575,-2.49390789819024
-1.16000556599734,2.75072495691303,-1.84334254219891
-2.0257764809631,2.66911781656611,-0.933979953732693
-2.60658262068617,2.2125862921793,0.106310507738069
-2.8207772256477,1.44514596991375,1.13137763328216
-2.63828606480704,0.474495716208561,1.9972196030505
-2.08476696898261,-0.563118373406915,2.58222047550097
-1.23808523088436,-1.52199689430739,2.8042939401765
-0.217336656117449,-2.26742473632705,2.63233765387961
0.833915418724998,-2.69462105193998,2.0906308976682
1.76785368462199,-2.74351435166423,1.25537752248063
2.45315384637449,-2.40713265935155,0.243987736893448
2.79343805407318,-1.7325538585758,-0.801411534371396
2.74086255744272,-0.814391720423417,-1.73395549065098
2.30284918916503,0.218453660156723,-2.42263722601603
1.54103126991422,1.22096181977966,-2.77078489227505
0.56255531594846,2.05235577472519,-2.7295993630862
-0.49495403793881,2.59582460054405,-2.30495744878796
-1.48280971850197,2.77496325052371,-1.5565885762899
-2.26209780508393,2.56448119763092,-0.589720612119764
-2.72329106413659,1.99379107128562,0.459767965511404
-2.80154895410746,1.14290319468284,1.44442205994777
-2.48591700962672,0.131240573743587,2.2259159361612
-1.82079547190099,-0.899199305825806,2.69449288637736
-0.899714680599619,-1.8037365882884,2.7843911874522
0.147806866260571,-2.45532636835688,2.48305503663507
1.17449890936641,-2.76239245655094,1.83289061644356
2.03599971437042,-2.68169226891465,0.925325341284502
2.61118237738101,-2.22446419540783,-0.11202581320978
2.81922426300328,-1.45479379973445,-1.1334207238772
2.63093276885781,-0.480650015884898,-1.99536273055283
2.07277591174693,0.561291069767298,-2.57676387901278
1.2232437324963,1.52478775497362,-2.79601408396958
0.201795947257223,2.27452637777634,-2.62237528007833
-0.847954367092767,2.70516457192863,-2.08033482677674
-1.77845038805079,2.7561746511392,-1.24612058286428
-2.45889762222597,2.42030760087651,-0.236985104747568
-2.79363275278302,1.74456324942846,0.805261678222996
-2.73561161199016,0.82368619261725,1.73420492955738
-2.29301231942282,-0.213090878455296,2.41932484516007
-1.52808609706706,-1.22025202372062,2.76442235096932
-0.548386152087166,-2.05641603602012,2.72109228595032
0.508327871160272,-2.60414369912129,2.2954882074296
1.49353197708715,-2.78647687938184,1.54744851947086
2.26873005771464,-2.57770891260216,0.582113226767049
2.72499322509882,-2.00701305324618,-0.464881768756418
2.798180547983,-1.15438951769937,-1.44643123375954
2.47805125592098,-0.139493775554999,-2.22464636263519
1.80962724147735,0.895252695165989,-2.69021112928969
0.886868866471418,1.80460032447678,-2.7777643283293
-0.160505428409229,2.46087708777246,-2.47504193600596
-1.18528621063613,2.77188331786997,-1.82458727264835
-2.04340383125491,2.69384484413357,-0.917828036396725
-2.61422681703635,2.23764133969128,0.117772943669817
-2.81755586905939,1.46724617784837,1.13673382871834
-2.62485729509178,0.490737863799357,1.99590767495888
-2.06320846976046,-0.554880046587296,2.57458941830848
-1.21156791047727,-1.52285783627541,2.79152166019918
-0.189656549910951,-2.27727251047846,2.61624493191724
0.858869113637844,-2.71214837098251,2.0734248714044
1.78663853398906,-2.76638491836058,1.23934485616672
2.46324800585248,-2.43231794423533,0.231201172220501
2.79357465543118,-1.75673922553882,-0.809366214150018
2.73119083836548,-0.834402338109941,-1.73619505549695
2.28486702656399,0.20524321318027,-2.41906689022758
1.51735488447512,1.21626137947463,-2.76207534281205
0.536563898588197,2.05671552502577,-2.71706693827904
-0.5196053533794,2.60856169600018,-2.29038207045069
-1.50271068684711,2.79428352946483,-1.54196155951834
-2.27454558419996,2.58774169455613,-0.576944235234058
-2.72664846610276,2.01783064635898,0.469130021123813
-2.79543987812157,1.16447729847174,1.44930729749053
-2.47127838117013,0.147501337175928,2.22590236112624
-1.79974375214617,-0.890327005906853,2.68981251715088
-0.875224191623226,-1.80328774477574,2.77588287430632
0.172313093354479,-2.46318500053023,2.47201263879574
1.19562629269759,-2.77731530072605,1.82084355650158
2.05084520671697,-2.70147945189868,0.91384109788468
2.6177281785412,-2.24628057285754,-0.121553527249108
2.81661204810459,-1.47561193170231,-1.13992931511916
2.61957060923617,-0.497665787949357,-1.99822531369076
2.05428411145211,0.550262747800715,-2.57585119091778
1.20021656340521,1.52103552714757,-2.79166998263336
0.177421521511625,2.27828650676785,-2.61532537563477
-0.870307723365159,2.71561892327102,-2.0715726191088
-1.79569386877634,2.77158750375234,-1.23676727034073
-2.46864680239152,2.43833640091656,-0.228166307052378
-2.79453104462688,1.76262561187589,0.81256426185804
-2.72753520211795,0.839315065313524,1.7392540844884
-2.2770612601584,-0.201929765737583,2.42170140362261
-1.50643253283312,-1.21486834988573,2.76403191721096
-0.524009146103781,-2.05721390107077,2.71813256472782
0.532066714231537,-2.61060830149467,2.29042105991819
1.51335178952283,-2.7973208122146,1.54093651145892
2.28187781157634,-2.59111813336701,0.574915092550044
2.72962566961097,-2.02091318910548,-0.471998297620307
2.7936125083879,-1.16676242404243,-1.45274845690491
2.46485596451224,-0.148694990366199,-2.22955996118759
1.7895804561187,0.890261850852714,-2.69327070492341
0.862705042726638,1.80414221112009,-2.7787180330755
-0.185465707235336,2.46457513354133,-2.4738451731586
-1.20758901025077,2.77877186672767,-1.8213820134247
-2.05995097594824,2.70254624310202,-0.912934400651747
-2.62269910602525,2.24660589488941,0.123889909820148
-2.81674042785718,1.4750321852766,1.14349132481833
-2.6148198634269,0.496253308499065,2.00262350103398
-2.04530360132324,-0.552206048470847,2.58054938734714
-1.18825064009373,-1.52304282512324,2.79605280239735
-0.16413080110175,-2.27982560238232,2.61877577067284
0.88308109941991,-2.71620957129294,2.07354888506807
1.80617293073225,-2.77089354277164,1.23689986746273
2.47537558284426,-2.43625091354063,0.226336280666074
2.7965799861609,-1.75933178669213,-0.816202075056333
2.72464009481948,-0.835269100091133,-1.74427928145178
2.26964358204529,0.206077864189069,-2.42746978792172
1.49553990141459,1.21837265943197,-2.76975571149514
0.511177439594768,2.05936091808553,-2.72298016582247
-0.545041081694495,2.61084980619466,-2.29365015596416
-1.52466507994602,2.79539519601863,-1.54201742583352
-2.28997002771327,2.58712941382684,-0.573604686102062
-2.73340696202383,2.01533235675695,0.475595566425418
-2.79260141482319,1.16035971217435,1.4581957588212
-2.45924317872139,0.142445683332655,2.23612634694622
-1.78019739241669,-0.895326894491459,2.70002466811407
-0.850899498668535,-1.80711821792897,2.78467113194942
0.198016645727791,-2.4648353706338,2.47810431132751
1.21912736582841,-2.7760957545224,1.8232786891004
2.06889408459437,-2.69717306778403,0.912127987940449
2.62785455269437,-2.23921143375154,-0.127355108400282
2.81746894692839,-1.46664363750421,-1.14917302578031
2.61110838104365,-0.488113647741651,-2.00973596484382
2.03776546949719,0.558816411153079,-2.58806936780916
1.17802312701048,1.52702500889812,-2.8028746040762
0.152695993228547,2.28044637356624,-2.62387550176781
-0.894114804242482,2.71323394256474,-2.07613483327427
-1.81528699007346,2.76462236513484,-1.23653639637029
-2.48135931323055,2.42750110449724,-0.223028379447032
-2.79869472486533,1.74934875872026,0.822006457444311
-2.72271472546295,0.82553693644401,1.75175242179031
-2.26407459783948,-0.214073974347141,2.43552140048522
-1.48721475964332,-1.22337470879228,2.7771946183872
-0.50133672783778,-2.06052661643484,2.72868051867868
0.554982393448729,-2.60788166212559,2.2967323664031
1.53333147983484,-2.78861822714536,1.54199476618621
2.29621587405791,-2.57746239446322,0.570453434229022
2.73646062242221,-2.00416149152903,-0.481421529033262
2.79216532488857,-1.14932899136492,-1.46583886757646
2.45551222230624,-0.13320581927339,-2.24445443111282
1.77381163728344,0.901363345705333,-2.7077960020916
0.842846000269433,1.80898982404912,-2.79072529217264
-0.206556697754203,2.46218593754722,-2.48154464903196
-1.22695544204648,2.76923774069194,-1.82359954121533
-2.0749674251792,2.68705875549105,-0.909297342125991
-2.63142569278735,2.22727454831465,0.132912616890689
-2.81816983762992,1.45459412711368,1.15661462712645
-2.60898050127534,0.477708195062641,2.01794323421723
-2.03325034277302,-0.566028388548729,2.59581708669228
-1.17187095895799,-1.52993985212862,2.8090196540394
-0.145837217948609,-2.27859203950606,2.6275320255822
0.90070584237835,-2.70683071943938,2.07678859206162
1.82072206117165,-2.75454945159484,1.23412623534078
2.48496004854778,-2.41516679030663,0.217958874449066
2.8000748693521,-1.7365090765479,-0.828940316935422
2.72182348561143,-0.814039196968209,-1.75948522177537
2.26118131740116,0.22256652375547,-2.44289513078066
1.48284552284925,1.22762385125009,-2.78313434394103
0.496185265174934,2.05989593657679,-2.73234089153128
-0.560158541384203,2.60242190398928,-2.29762405573329
-1.5378284810586,2.77906581808239,-1.54005829982391
-2.29946699095153,2.56514621056835,-0.566059068315067
-2.73811188426362,1.99081745964941,0.487542412833093
-2.79210542202603,1.13684049049305,1.47272218011736
-2.45387279727057,0.123334423897835,2.2510553693857
-1.77092941753652,-0.907223823171964,2.71315487079282
-0.83920579815111,-1.81000330342471,2.7941028365637
0.210397563148367,-2.45818960125332,2.48253601744623
1.23045411410455,-2.7607633259458,1.8221874180527
2.07767538415084,-2.67526958844143,0.905820497784271
2.63304048122827,-2.21378993373435,-0.137831561569127
2.81856677442788,-1.44125695073404,-1.16216842183296
2.60820570503007,-0.466342861065402,-2.02327030808904
2.03151495530044,0.573858354293156,-2.60013555030309
1.1695069153122,1.53315132370312,-2.81175708298269
0.143226970622197,2.2767318660513,-2.62839756889923
-0.903182864865287,2.70013664922598,-2.07579426929637
-1.82273708439337,2.74390560676406,-1.23156472899172
-2.48628096111377,2.40198216450774,-0.214348717950666
-2.80058673893598,1.72254238602066,0.832962850401604
-2.72154397734327,0.801161675917993,1.76326612398916
-2.26024543450832,-0.232626715562184,2.44587738701086
-1.48146884470308,-1.2335146864576,2.78494557887541
-0.494616956865837,-2.06081018435037,2.73282367579707
0.561669200529609,-2.59820817527188,2.29684549238315
1.53906931016423,-2.77024605129486,1.53828760762558
2.30029045391022,-2.55286023825366,0.563708022713702
2.73844694958098,-1.9766795020686,-0.489996348361547
2.79197255726052,-1.1227240422175,-1.47484122276355
2.45336172402709,-0.111106547601031,-2.2525055508536
1.77017050277717,0.915941279860455,-2.71376294589327
0.838359690004603,1.81403608803654,-2.79386789278256
-0.21117425518198,2.45697118286337,-2.48162387458286
-1.2310309438329,2.75441354012429,-1.82088886117912
-2.07797571310529,2.66459825089109,-0.904486402540111
-2.63305206054791,2.20018262232819,0.138872619269473
-2.81833307010825,1.42647859530737,1.1626705164521
-2.60780833976044,0.452329413877482,2.02311955885503
-2.03106546894587,-0.585247603256402,2.59936287238631
-1.16912312188659,-1.54038465648346,2.8105387053673
-0.143009959777301,-2.27881938149045,2.62702486203138
0.90317237006989,-2.69677706871563,2.07460109535684
1.82248848713104,-2.73551151171772,1.23085999841122
2.48583500265455,-2.38962449000014,0.214354977055364
2.80003035506458,-1.7078235667329,-0.832156653744
2.7209986126163,-0.786014629034817,-1.76171970981463
2.25984573168626,0.246187266197105,-2.44380115680037
1.48133342497015,1.24367090239993,-2.78266804658239
0.494816073772977,2.066189361639,-2.73073200122428
-0.561123901420351,2.5980645903924,-2.29531436597864
-1.53822906225978,2.76456433361867,-1.53762211964302
-2.29926279038199,2.54236472926645,-0.564086123352489
-2.73738453132956,1.96276896676153,0.488543840390604
-2.7910524548244,1.10727221459934,1.47246341338916
-2.45275721700645,0.0961908012322027,2.24950378773749
-1.77000781544828,-0.928312748152647,2.71054831261245
-0.838710324003769,-1.82219712854056,2.79089240443345
0.210308122200075,-2.45980846514706,2.47932532693403
1.22973210008078,-2.75153809038369,1.8196317885615
2.07640625286698,-2.65640931577056,0.904494174242924
2.63143310225391,-2.18780953824733,-0.137557860882604
2.81691089294804,-1.4116134618783,-1.16018361692458
2.60681000034049,-0.437003241785835,-2.01976077499758
2.03066709988248,0.598942979263941,-2.595545928684
1.16942609783983,1.55058607164073,-2.80674274914679
0.144021285531781,2.28415391517286,-2.62373936975637
-0.90155849944073,2.69655469627558,-2.07225567002938
-1.8204704495389,2.72981300097676,-1.2297636362284
-2.48368574383833,2.37927232584808,-0.214658675050216
-2.79806116467683,1.69426963965744,0.830474720232533
-2.71951089300752,0.771146286599007,1.75883779395222
-2.25908885129577,-0.260308152639287,2.44003928972568
-1.48146305303179,-1.25510778469443,2.77844654648508
-0.495856358180779,-2.07340504121862,2.72652551729856
0.559284189330908,-2.60012508353629,2.29158791057031
1.53582051851621,-2.76126460585006,1.53478313211489
2.2966106721131,-2.53424307222233,0.562467803140529
2.73485659081448,-1.95103584090286,-0.488724087954098
2.78901484604069,-1.09363212372336,-1.471132366926
2.45152060968614,-0.0825790194453933,-2.24674288354711
1.76976874405843,0.940008247744677,-2.70659600583956
0.839531877236184,1.83039534328859,-2.78611535045964
-0.208513285672583,2.46344915108743,-2.47419633051532
-1.22719040097946,2.75021984931072,-1.81470220740684
-2.0734588742598,2.65045423089258,-0.900335913628569
-2.62848901944395,2.17818784331904,0.140415517190395
-2.81438454687775,1.39977634368255,1.16131121795988
-2.60505503671597,0.424674666440739,2.01889446765148
-2.02993117818605,-0.610022394975532,2.59263130929393
-1.16981584066542,-1.55889617842242,2.8019619796515
-0.145494932056043,-2.28862271681171,2.61753150331212
0.899192633335117,-2.69668666663311,2.06527561741816
1.81753247302407,-2.7257496536003,1.22282217551899
2.48057715489336,-2.37173559075084,0.208631921450872
2.7952096437245,-1.68443580614175,-0.834754120432822
2.71730230832208,-0.760473607748202,-1.760679548388
2.25782783955301,0.27028293404742,-2.43901599776033
1.4813303168876,1.26300003474536,-2.77447422543374
0.496863493711543,2.07818519615916,-2.71991040492137
-0.557283855941316,2.601246971857,-2.28300890802525
-1.53310826488936,2.75871422632086,-1.5252301312253
-2.29355669690434,2.52851705598402,-0.55314638134844
-2.73186720505501,1.94306711926032,0.496545043592956
-2.78647849991914,1.08464715206537,1.47630089264213
-2.44976349421178,0.0738868276187949,2.24838866790708
-1.76900331300856,-0.947205156916166,2.70428530252016
-0.839834586148945,-1.83515340907852,2.77992448882967
0.207205824480524,-2.46519873123803,2.46473983362614
1.2250755308324,-2.74882804531068,1.80309651164231
2.07082766978256,-2.64623692385634,0.888057919302369
2.62569055922483,-2.17185255184845,-0.151704694226573
2.81177774141622,-1.39229417318967,-1.17000485684428
2.60295254768858,-0.417129017626488,-2.02367024791265
2.02856182554833,0.61659321011114,-2.59264823477727
1.16931143168468,1.56362346546458,-2.79701186053583
0.145881579524403,2.29091959497309,-2.60810086478144
-0.897997160251736,2.69632248364127,-2.05251134472008
-1.81570245385391,2.72286495367989,-1.20838375009911
-2.4783500122841,2.36679691777048,-0.194470101771306
-2.79285789856276,1.67815040554249,0.846660202725333
-2.7150953346867,0.753703699690255,1.76860258405272
-2.25600931656051,-0.276624507434471,2.44173835462539
-1.48009445434321,-1.26808063608085,2.77148309605133
-0.496319999373386,-2.08135398804556,2.71149254863615
0.557108367479456,-2.60212384671156,2.270218044705
1.53225568485048,-2.75720936697362,1.5097533315299
2.29213767654778,-2.52483463447617,0.537088439786533
2.73003491277623,-1.93768456028331,-0.510949172711151
2.78443026865123,-1.07826301531481,-1.4870170256993
2.44771516129594,-0.0673181598682107,-2.25387057965067
1.76716390802863,0.95312172134132,-2.70371142370537
0.838391317469124,1.83965459260636,-2.77331536978676
-0.208105461369804,2.46768570346321,-2.4529625060152
-1.22533557657227,2.74893833826568,-1.78775599433532
-2.0704099215723,2.64390482720357,-0.87127745418932
-2.62462656250002,2.16732885173817,0.167584125495614
-2.8101596453253,1.38610890691936,1.18276309525928
-2.60093322067741,0.410027202163128,2.03153227619157
-2.02633870451904,-0.623730166395271,2.59452779852364
-1.1671111229938,-1.56987449973581,2.79266559434696
-0.143954417206877,-2.29543477762698,2.59817024368612
0.899410005136432,-2.69843974916609,2.03843196741373
1.81641181229739,-2.72220389571999,1.19216937515076
2.47823839868565,-2.36332054924424,0.178396374094694
2.79189662330279,-1.67217212697142,-0.860358644293542
2.71335577566457,-0.74588351267982,-1.77805688204278
2.25366606921423,0.285337941730316,-2.44570365003568
1.47741674598025,1.27656181254159,-2.76950641701667
0.493630591690755,2.08844951640135,-2.70397350225343
-0.559469580609442,2.60680878164687,-2.2583239494343
-1.53397022699969,2.7587186503318,-1.49522998883962
-2.29295300406938,2.52277650578468,-0.522011668165431
-2.72980642356482,1.93213910309377,0.524486985612436
-2.78314515754312,1.06980569791869,1.49719031595527
-2.44551135136939,0.0569551070444418,2.25937972805873
-1.76430786007707,-0.964062983764713,2.70394973549452
-0.835251622235113,-1.84969545769542,2.76842912894387
0.211111880778827,-2.4753821911471,2.44379626254126
1.22779963120082,-2.75309485655752,1.77572237627539
2.07198109374619,-2.64375715806012,0.858130655050173
2.62507041317521,-2.16269151914615,-0.180001580683929
2.8093913676092,-1.37742417618567,-1.19278734734603
2.59903629062013,-0.398324613472405,-2.03790506732881
2.02354479843681,0.636954650926007,-2.5965487147738
1.16378457630529,1.58283885601556,-2.79026097461405
0.140551316869112,2.30630495419783,-2.59187639263517
-0.902416608789179,2.70559939499269,-2.0292956105136
-1.81859860481768,2.72450116439162,-1.18157447237354
-2.47929083965371,2.3602497839855,-0.167842857849817
-2.79167040463941,1.66395512423997,0.8694679460544
-2.71188349737151,0.733480825946068,1.78459338839776
-2.2511545335968,-0.300322779517609,2.44895417184943
-1.47422371058939,-1.29209486436923,2.76923449613482
-0.49020953264575,-2.10235265170634,2.70044012070931
0.562637537223967,-2.61707780107891,2.25220586258676
1.53643636041654,-2.7638098522989,1.48748758807088
2.2943767508845,-2.52182363031271,0.513752163535355
2.72999457957397,-1.92510106434272,-0.532182850814902
2.78208627586125,-1.05751336062631,-1.5033867663504
2.443375578194,-0.0410199598925848,-2.26339905601805
1.76142472644041,0.981463793596068,-2.70544200813051
0.832047550165223,1.86613260846047,-2.76738348285499
-0.21417799926713,2.48851282617441,-2.44050162158284
-1.23029274993736,2.76099665900324,-1.77071375509389
-2.07355535489218,2.645221538599,-0.852108181103547
-2.62551727138522,2.15742203126026,0.186256914946212
-2.80866743971514,1.3660913250772,1.19853033507218
-2.59726660714898,0.382464000631979,2.04249810766353
-2.02099620323436,-0.655152286948154,2.59952572621872
-1.16082840370826,-1.60082332466464,2.79134917546344
-0.137618897642966,-2.32153039870329,2.59102157382602
0.904899059610416,-2.71588649026678,2.02666127724542
1.82028333135988,-2.72837231902843,1.1775135221494
2.47995238913282,-2.35714542346603,0.162842744438238
2.79123704881641,-1.65429930855992,-0.87483341948096
2.71043508578476,-0.718635876715624,-1.78971612554624
2.24891083258368,0.318251645088126,-2.45324839753801
1.47151630453585,1.31055637719601,-2.77219400737404
0.487429115707594,2.11872987846253,-2.7017024600732
-0.565097298342923,2.62906150932003,-2.25159407694401
-1.53823177904913,2.76973328839431,-1.48502823133547
-2.29526396635228,2.52088154203968,-0.50968195699656
-2.72985063065023,1.917466503838,0.537427367244902
-2.78093209465334,1.04431800759222,1.50920027933283
-2.44137472726877,0.0241992922438518,2.26906478349177
-1.75886234211509,-0.999472724927105,2.71022240693433
-0.829281323157345,-1.88274969789414,2.77061001637274
0.216764525601744,-2.50139002373774,2.44165695247212
1.23234777804177,-2.76835063060337,1.76951277501015
2.0747897156428,-2.64608181681202,0.848570515923462
2.6257497261684,-2.15177758159036,-0.191772584159338
2.80784819270335,-1.35488801837066,-1.20537015238744
2.59548832721689,-0.367428600919696,-2.04977545825551
2.01847461330189,0.671784547307596,-2.60623442564083
1.1578824474478,1.61662921094424,-2.79649453484627
0.134633983458806,2.33425102241143,-2.59376066786254
-0.907519853929115,2.72376013055545,-2.02645415738188
-1.82217301077628,2.73039290561732,-1.17422323109864
-2.48082560224677,2.35320001391739,-0.156773581045949
-2.79093278651825,1.64514124926063,0.882938376109013
-2.70894303709265,0.705755312690922,1.79877884048919
-2.24637218903248,-0.332855758688947,2.4619809031478
-1.46821668312472,-1.32468829595392,2.77928189266106
-0.483773060677211,-2.13032682866657,2.70601148424894
0.568636574227676,-2.6365117644832,2.25235021719152
1.54116610872528,-2.77209748405448,1.48194509710296
2.29715822889033,-2.51800217047167,0.50302689790228
2.73037762828716,-1.90996331852371,-0.54684099818808
2.7799344658933,-1.03347835578906,-1.5201021462674
2.43889144476253,-0.0117809094077805,-2.27989917758457
1.75514921924864,1.0115276212853,-2.71937417931908
0.824772992444054,1.89262611350444,-2.77665086760375
-0.221497927729057,2.5076790014576,-2.44355697763069
-1.23666715509913,2.77023655487334,-1.76681067799945
-2.07806283065443,2.64345006897566,-0.841481821754333
-2.62745168010156,2.14522320595722,0.202362421833757
-2.80762724109462,1.34561313640572,1.21801752889217
-2.59324631809323,0.357009905888542,2.06267689554305
-2.01439231571098,-0.68165368045493,2.61748873383644
-1.15241010701746,-1.62440852204318,2.80437942440988
-0.128449419820307,-2.33877979272687,2.59699101837818
0.913582737706615,-2.7244285928194,2.02440275681624
1.82724749523679,-2.72723308205593,1.16703906932334
2.48412599867207,-2.34688066772104,0.145373086115413
2.79187932247595,-1.63683206166914,-0.89698035542676
2.70725086281357,-0.696912390198652,-1.81345883965112
2.24211276524262,0.340738630774303,-2.47514944195182
1.46183351318832,1.33031215822094,-2.78896379045209
0.476051884268038,2.1327949697215,-2.71071146574615
-0.576669419487122,2.63547280326474,-2.25129136636345
-1.54837901315953,2.76780089540016,-1.47518627824811
-2.30247267858832,2.51123784742263,-0.491468187241244
-2.73293007802778,1.9019119281201,0.561590934093818
-2.77921071245992,1.02551986777201,1.53592845306823
-2.43482647727316,0.00528735909146307,2.29450472587581
-1.74816329879587,-1.01542986151678,2.73061532994061
-0.815727209569417,-1.89325321477109,2.78286997162155
0.231405582278122,-2.50490143519143,2.4438137553965
1.24605580939877,-2.76449993534701,1.7610276528605
2.08556106510495,-2.63568990466441,0.830466593069649
2.63189731856331,-2.13672135111306,-0.217029348635392
2.80824988330315,-1.3378050850383,-1.23421760844817
2.58980266427086,-0.351233517663289,-2.0780587850736
2.00721517215838,0.684384769851487,-2.62982722819492
1.14238604836561,1.62356997461061,-2.81189390223386
0.116909524989386,2.33442084173305,-2.5986026258349
-0.925038369913944,2.71717543890319,-2.01989512037167
-1.83697178155782,2.71819919817736,-1.15709581839754
-2.49065996291171,2.33750972987626,-0.131478345275604
-2.79418551377036,1.62865964869673,0.912776301134338
-2.70486996094025,0.691303112987052,1.82884907625705
-2.23524130406364,-0.342811106372838,2.48790687271646
-1.45131858853315,-1.32841807104407,2.79726285460815
-0.463302336014506,-2.12712468496915,2.71340314377406
0.589885519983277,-2.62682687405577,2.24807444216443
1.56017768725298,-2.75747503271939,1.46663606873316
2.31113462209577,-2.50082243841248,0.478923919785018
2.73714822854368,-1.89302999418711,-0.576235526371707
2.77828755071046,-1.01957464576998,-1.55050458564722
2.42878608332063,-0.00326543427967451,-2.30688905435115
1.73777645834523,1.01312093551413,-2.73904599551815
0.802400267939062,1.88687512977529,-2.78620903779299
-0.245820888227653,2.49534784307407,-2.44169733045826
-1.25951771325664,2.75316694987277,-1.75389681832661
-2.09613391650439,2.62425759072661,-0.819497220540715
-2.6380339513114,2.12690207447022,0.230119764860022
-2.80901308354203,1.33109714125015,1.24744442531359
-2.58502201714685,0.34868908561461,2.08946221678883
-1.99751800667744,-0.682328558146753,2.63777192063312
-1.12911174888499,-1.6171693546117,2.8153031727865
-0.101916407510943,-2.32458548569395,2.59709373027891
0.939626162724465,-2.70532467527757,2.01383049802704
1.84907204094295,-2.70606472130042,1.14751478472972
2.49853703527787,-2.32688324958211,0.119929931581262
2.79670040173271,-1.62112465177036,-0.924486746728791
2.70164621371545,-0.687990948686994,-1.83894345196686
2.22671756512706,0.341404535677314,-2.49489469198111
1.4386868809379,1.32249866921006,-2.8001636133502
0.448354045444363,2.11755882931932,-2.71188232465071
-0.605026034184913,2.61501380511715,-2.24249350984675
-1.57335874588285,2.74514994815966,-1.45797798821583
-2.32048918968938,2.48979305123811,-0.468614180577555
-2.74135657652551,1.88489307761919,0.586547375159511
-2.77676770894188,1.01547834300291,1.55920506423906
-2.42177140951855,0.0037696874991521,2.312649396149
-1.72628741289296,-1.00812979777278,2.7410213184289
-0.788087305528354,-1.87816578070681,2.78416988030613
0.260909751189256,-2.48422477207786,2.43605228069979
1.27324111013707,-2.7412791563233,1.74560685937655
2.10656037329497,-2.61332833096502,0.80992140657992
2.64371218014982,-2.1184689716647,-0.239439499088487
2.80917916107309,-1.32631301889668,-1.25502009574524
2.57970812254846,-0.348160213516358,-2.09409121471952
1.9875390380348,0.678621420315207,-2.63873320244646
1.11593642481961,1.60985574691295,-2.81245790061187
0.0874421829437804,2.31480534382302,-2.59089527644606
-0.953340832743633,2.69453827517552,-2.00525551854037
-1.86009724854653,2.69582929945005,-1.13791498654648
-2.50534666202063,2.31863608298206,-0.110831240608598
-2.79838843339698,1.61598752920291,0.931621415624933
-2.69804722942955,0.686597445901108,1.84295705456141
-2.21841530535635,-0.338995168694935,2.49510833174714
-1.42691650260599,-1.3167774166218,2.79647906540246
-0.434828234544307,-2.1094707910707,2.70480003170591
0.618367290009069,-2.60580064603986,2.23305608364733
1.58463847069717,-2.73616559660105,1.44761466245547
2.32814885251153,-2.48230428126454,0.458915675958507
2.74437615236497,-1.87988734701453,-0.594065472434613
2.77480223411533,-1.0135316733292,-1.56333326419008
2.41517811372147,-0.00498671179185589,-2.31267302746708
1.71607725228751,1.00409959932387,-2.73683425589089
0.775759959661555,1.87205712245175,-2.77630662369314
-0.273579975091839,2.47702828889459,-2.425617599501
-1.28446439154389,2.73407637762837,-1.73411448698044
-2.11477967862827,2.60712037160749,-0.799072102896462
-2.64782735058435,2.11402914744359,0.24801736186152
-2.80867941299525,1.32409771548339,1.25999275211867
-2.57474859229473,0.348280842792226,2.09463081361488
-1.97890709069619,-0.676391674799631,2.63465399965145
-1.10491971732531,-1.60602700459888,2.80425525627202
-0.0756339734456707,-2.31007106814621,2.57967239601915
0.964263770629172,-2.68963823836903,1.99256835607131
1.86861100709677,-2.6914373296655,1.12556273435965
2.5102950887031,-2.31527280129214,0.100614996297437
2.79913552267531,-1.61397285701571,-0.938175595875342
2.69456208923767,-0.686013748449885,-1.84482492991773
2.21126330267063,0.338298339693521,-2.4919244014352
1.41716431125771,1.31512135554968,-2.78860311796033
0.42389675049144,2.10725250677493,-2.69326527008335
-0.628914421700553,2.60342270363453,-2.21944148197707
-1.59331962771799,2.73396700744437,-1.43382836736244
-2.33377006422441,2.48052444911852,-0.44691930502148
-2.74619564177744,1.87862989656037,0.602540064472364
-2.77262281796286,1.01276352408436,1.56702799467304
-2.40936835406226,0.004583248355636,2.31100086376175
-1.70750936352589,-1.00430444539535,2.72996344627535
-0.765684263421566,-1.87220621204801,2.76515089449344
0.283714722583954,-2.47720639153838,2.41171833416042
1.29321702768229,-2.73428466723782,1.71941529889866
2.12093140348165,-2.60727034164878,0.785642382521062
2.65054299444437,-2.11395242603605,-0.258279667371971
2.80761835315346,-1.32359787921378,-1.26562572043794
2.57011302330033,-0.34719823034025,-2.09481887406712
1.97140975388548,0.678118166849175,-2.62935571143589
1.09567361214715,1.60832697098589,-2.79421134305527
0.0659785303188778,2.31273567030318,-2.56629524291058
-0.972951008254093,2.69232921668952,-1.97773574781344
-1.87510530024801,2.69372034731224,-1.11135257516207
-2.51369467696767,2.31669469426902,-0.0890243764488067
-2.79899471973179,1.61416180546014,0.945531971544271
-2.69094664546193,0.684747993232951,1.84693550257128
-2.20473413741458,-0.341045317829758,2.48852496662768
-1.40868950324805,-1.31913828303308,2.78021011510653
-0.414715502570323,-2.11208458425209,2.68108877668941
0.637474239574818,-2.60843010625342,2.20522061688095
1.60003793530055,-2.73840825210951,1.41958484102904
2.33770042229064,-2.48368057230316,0.434656112690167
2.74680714191188,-1.87991468757488,-0.611120434080956
2.76987107769182,-1.01182469676875,-1.57077886719522
2.40368402094457,-0.00137057686793706,-2.30947464309744
1.69973756602276,1.00949284560359,-2.72346511798987
0.756966147682447,1.87875066948268,-2.75468979438671
-0.292109727152496,2.48422828792273,-2.3988593137259
-1.30007628791807,2.74078323543697,-1.70603867499469
-2.12528052905458,2.6122594276626,-0.773658949970804
-2.65178244392224,2.11659960156932,0.267209217979639
-2.80559835065035,1.32335859064528,1.2703179887923
-2.56516068642591,0.343944151446424,2.09472895200829
-1.96428092962061,-0.684059083899017,2.62463980567221
-1.08743438818156,-1.6162156205659,2.78569843644842
-0.0578394006707285,-2.32151340235678,2.55533983909924
0.979811894758856,-2.70075591768095,1.96599475266954
1.87970101280037,-2.70054552237263,1.10053935916334
2.51538355605131,-2.32084750118011,0.0806634238931204
2.79756667137434,-1.61492901916171,-0.950330074487804
2.68665024057055,-0.681896525811778,-1.84762601460016
2.19823524914276,0.347231999567239,-2.4851890835507
1.40096413246473,1.3278797304626,-2.7735173062345
0.406909864908179,2.12219549571726,-2.67217271115438
-0.644218393888004,2.61848567694994,-2.19549794360982
-1.60474491140324,2.74694972338791,-1.41053300114648
-2.33970623878843,2.48943872844645,-0.427588054336208
-2.74585619141131,1.88200156069314,0.615243886086524
-2.76614746379056,1.00985542778103,1.5714979342909
-2.39776903025687,-0.00446937593290073,2.30687514039147
-1.69251898667799,-1.01845555453342,2.71813302794207
-0.749515854382447,-1.88961441165332,2.7476029443324
0.29869382077297,-2.49546221463769,2.3912303881017
1.30483757758623,-2.75078448835412,1.6991137754141
2.12754941875973,-2.61957223187346,0.768499741189209
2.65125965014619,-2.12011810074172,-0.269889015106184
2.80240023627201,-1.32249516684315,-1.27023742493212
2.55979014299949,-0.338745202430123,-2.09207229707698
1.95755714197386,0.692916167908853,-2.62000833522945
1.08036399802953,1.62751023922008,-2.77999324389031
0.0514631890793553,2.33366592224831,-2.54960453931422
-0.984578186833814,2.71203940896214,-1.96122199661239
-1.88218578260255,2.70932089013541,-1.09750932717444
-2.51525736431948,2.32580074297751,-0.0798250706138271
-2.79488659774761,1.61528709477234,0.948927839452907
-2.68184356219357,0.677544544228055,1.8443268652057
-2.1920365494176,-0.35572889974179,2.4806616654519
-1.39429668233485,-1.33934988955547,2.76862895260783
-0.400744266454425,-2.13502970592872,2.6678306223633
0.648995143209963,-2.63084875955206,2.19249149611657
1.60746783709427,-2.75704961884669,1.4094023993511
2.34001317634268,-2.49579215281871,0.428534223064488
2.74373680671041,-1.88365990703177,-0.612388879227231
2.76194689913884,-1.00654165588543,-1.56724771263768
2.3921151676611,0.0123300456706376,-2.30199730496814
1.68622659797697,1.02978173256441,-2.71350987298819
0.743482982306439,1.90281020422181,-2.74407644024858
-0.303617663393441,2.50864099759486,-2.38946363165318
-1.30797869381014,2.76204383485385,-1.69947572230027
-2.12849144767197,2.62727825602187,-0.770995954407604
-2.64990607456405,2.12313300382147,0.265635354495385
-2.7989667846044,1.32033361871043,1.26490609684044
-2.55477813703607,0.331674662131113,2.0865450729568
-1.95168110846644,-0.703908574403295,2.61521913678345
-1.07444144561377,-1.64086341877767,2.77677635325365
-0.0463063616860929,-2.34747688929722,2.54855975697402
0.988277810721113,-2.72432508630251,1.96259218612326
1.88394413087893,-2.71830354781459,1.10114001873033
2.51486115625995,-2.33016239700262,0.0851861714965049
2.79241133882302,-1.61437056907361,-0.942664907184556
2.6776380267228,-0.67144956446175,-1.83814463322109
2.18668051341203,0.366143467395083,-2.47554557088434
1.3885170647356,1.35260097775009,-2.76541587415389
0.395305433409736,2.14921588249474,-2.66706373119559
-0.653385234961875,2.6439321240616,-2.19432318854387
-1.61024106944655,2.76713719152065,-1.41357511808239
-2.34081460494419,2.50142873511313,-0.434427389045218
-2.74246640058122,1.88404349200182,0.605666090754511
-2.75877649955256,1.00163492805566,1.56072324726971
-2.38745455975587,-0.0218150803641602,2.29667600597467
-1.68066623159628,-1.04248373677071,2.7102130621686
-0.737729759028306,-1.91689370669989,2.74330106957593
0.308829797865751,-2.52207254140702,2.39132111348941
1.31197930087438,-2.77289389363074,1.70367754541946
2.13076214092085,-2.63400810770559,0.776893758598831
2.6501398983778,-2.12480937768131,-0.25895030145064
2.79710862825892,-1.31675369805626,-1.25845571406503
2.55102954941029,-0.323393106127861,-2.08130200087135
1.94648701053244,0.715659793011136,-2.61195789424418
1.06843733804263,1.65436057911315,-2.77596247260772
0.040239127807774,2.36076445058551,-2.55027769384738
-0.993636909959606,2.73550256188041,-1.96653242511006
-1.88790029840961,2.72579234757187,-1.10665510629172
-2.51687808269126,2.3329260787641,-0.0913973591151218
-2.79218371875255,1.6120673648207,0.936727546966449
-2.67513388001718,0.66448187074459,1.83337937960087
-2.18216131343964,-0.376693672592719,2.47263985424128
-1.38251401579611,-1.36514851322842,2.76475133702842
-0.388550621299789,-2.16191455641194,2.66865768018403
0.660040899368852,-2.65495642173243,2.19782748580379
1.61593213089243,-2.77493120322953,1.41834801406756
2.34476735295358,-2.50494278031962,0.439664753546916
2.74411038810563,-1.88288775086476,-0.600806309968924
2.75783072688997,-0.996114162187133,-1.55699275801363
2.38396376367839,0.0307777564020011,-2.2946122642364
1.67500493703232,1.05348962594987,-2.71005563209277
0.730576841022099,1.92829048480847,-2.74495942989686
-0.316574448136338,2.53218859415118,-2.39440700544701
-1.3193043106041,2.78030871768078,-1.70759360508237
-2.13667814648992,2.63776029295442,-0.780931773117351
-2.65381248090683,2.12452102850357,0.255487949450356
-2.79797027512283,1.31264593441696,1.25613123860804
-2.5488754202904,0.31624690930277,2.08045670622717
-1.94150753449091,-0.72464257100388,2.61264973338101
-1.0612146269152,-1.66376546544707,2.7779768136584
-0.0316868637946142,-2.36918223317836,2.55317475400147
1.00239820725357,-2.74175159559085,1.96972420117519
1.89568810051647,-2.72908706364662,1.10952021006385
2.52261136736611,-2.33296688111048,0.0933814051969307
2.79503073634388,-1.60906248965331,-0.935999778717827
2.67463305527167,-0.659095728358186,-1.83403056470786
2.17830291868534,0.383459005671383,-2.47452220917821
1.37575554922043,1.37214098716521,-2.76747799725979
0.379751282436461,2.16802961031394,-2.6716716379445
-0.669727943445289,2.65931377344612,-2.20049901450087
-1.62519489441133,2.77699523187608,-1.42009637181781
-2.35232497924254,2.50459470488667,-0.440080399259278
-2.74889585668515,1.88043346980748,0.601885523292311
-2.75914420292169,0.992202782484759,1.5594403057648
-2.3815715074742,-0.0353101604622582,2.29803266798428
-1.66917572995402,-1.05777252302907,2.7138420607575
-0.722063336933939,-1.9315643494465,2.7483876267148
0.326635593787419,-2.53392888780982,2.3967712312462
1.3295462008416,-2.78032493097787,1.70835382101374
2.14569566846398,-2.63621743092271,0.779804761658133
2.66034979838278,-2.12188974258822,-0.258454246680828
2.8011074663507,-1.30959687947556,-1.26054980156842
2.54815035468043,-0.313518279384831,-2.08565568591746
1.93698524121898,0.726399283424142,-2.61777087372323
1.05348732496293,1.66410432740564,-2.78211053193727
0.0218045190441573,2.36796203160452,-2.55552988112223
-1.01308210281925,2.73916625156453,-1.96976672610576
-1.90570730641489,2.72563722659734,-1.10707527433904
-2.53058726574247,2.32934928359409,-0.0886768099289764
-2.79986770163707,1.6060427654118,0.942344156154591
-2.67566274956044,0.657379100372923,1.84107377301387
-2.17539249032002,-0.383354473877478,2.48114708481575
-1.3693192702218,-1.37000724409228,2.7725702487948
-0.370685233853364,-2.16404324837756,2.67431073404596
0.680166541657153,-2.65401265345958,2.20010303329695
1.63556276220833,-2.77119730537301,1.41654082252837
2.36119948973508,-2.49926711774351,0.433749648394269
2.75506701772247,-1.87654161011283,-0.610136482104076
2.76179455006078,-0.990547022292624,-1.56840422294729
2.38037803096424,0.0342494317877943,-2.30632764225001
1.66434395621874,1.05393838208454,-2.72012515079991
0.714301212378318,1.92535334167103,-2.75156465513461
-0.336225266624103,2.52614340441949,-2.39618353307301
-1.33963177296718,2.77206989114899,-1.70390707204095
-2.15488916842621,2.62874466576505,-0.772013274298547
-2.66740649149198,2.11640853043123,0.268525747681033
-2.80509884218224,1.30706558062972,1.27144234568874
-2.54858529615565,0.314483394628089,2.09571885414466
-1.9338667691473,-0.72190207846373,2.62541888195174
-1.0473037790385,-1.65657084784827,2.78606463468828
-0.0134623051736523,-2.35836041957301,2.5550424046588
1.02240047443789,-2.72880439697879,1.96475438060617
1.91471104523349,-2.71599041191905,1.09814996575231
2.53806187152106,-2.32182725461341,0.0770548343419662
2.80483143104285,-1.60177660482542,-0.9549888215218
2.67749482289108,-0.657055339184184,-1.852855892083
2.1739200666179,0.37958506599964,-2.49024750833369
1.36483587937988,1.36257293814993,-2.77753262384188
0.363878227712536,2.15389971435115,-2.67426634140924
-0.688314196523049,2.64251562979357,-2.19490867550669
-1.64390853199965,2.75989741550274,-1.4068236462301
-2.36860752940694,2.4896950997017,-0.420841596245418
-2.76056159104725,1.8700055038934,0.624386150862756
-2.76469680228837,0.987958498838064,1.5818962246001
-2.38038430447173,-0.0325204073662337,2.31702585191206
-1.66155668354437,-1.04810944669299,2.72637088326791
-0.709191802691861,-1.91618447440411,2.7523145645458
0.342889133694748,-2.51483275667108,2.39118726838103
1.34689864894344,-2.7600865295943,1.69376949403512
2.16175945728713,-2.61763715199743,0.758116810660667
2.67297041107813,-2.1076078573489,-0.284199221383371
2.80865739859077,-1.30169306542445,-1.28660927492112
2.54973397085672,-0.313194382980457,-2.10813051658648
1.93253879973819,0.718986125101539,-2.63319592264085
1.0437694974158,1.64985954748104,-2.78798011375633
0.00828343828884239,2.34872871961551,-2.55071506619241
-1.02845782318985,2.71746733128608,-1.95472176329776
-1.9208039282984,2.70436157834525,-1.08379894071585
-2.54338053246869,2.31132162591903,-0.0604194186638964
-2.80869934809426,1.593628262393,0.97150726362996
-2.67945502618731,0.652193646399156,1.86685091347316
-2.17379273875136,-0.380627880883702,2.49964750761113
-1.36273243602445,-1.35971631322617,2.78092097176614
-0.360169046430081,-2.14752020398523,2.67109696288544
0.693062151085879,-2.63339637142833,2.18558446987587
1.64902048380117,-2.74910968410411,1.39263405064148
2.37338995788524,-2.47847153343944,0.403799628285348
2.76440037598689,-1.85960967017461,-0.641850320068569
2.76713388213437,-0.979553336924415,-1.59726823756253
2.3811769659609,0.0379969703213123,-2.32808237803659
1.66069365444731,1.05004092066722,-2.73150438279577
0.706874271002522,1.91434186859492,-2.75076399788884
-0.346284160381009,2.50938699184178,-2.38313894008032
-1.35087254680314,2.7515992640579,-1.68034601913161
-2.16576245159674,2.60700593040256,-0.741214863276524
-2.67647795725203,2.09599564613958,0.302174404162194
-2.81123693205819,1.29039909614689,1.30309513614166
-2.55110459493362,0.303502940597185,2.12078315038104
-1.93258278547218,-0.725938884356608,2.64021992966562
-1.04255146167756,-1.65320795097694,2.78837953482316
-0.00603115698944295,-2.34796839775618,2.54443737123809
1.03139323130432,-2.71254441827266,1.94267243846841
1.9240068046136,-2.69570680265409,1.06770248632928
2.5464252425412,-2.29982021069307,0.0425578365019329
2.8112092326022,-1.58053034049807,-0.988612927933258
2.68113748941766,-0.63899575569367,-1.88079780182628
2.17447771379335,0.392348555973826,-2.5084906222173
1.36239303707815,1.36847589916414,-2.78344929861918
0.358907068495577,2.15211988028246,-2.66699731427728
-0.695038723863018,2.63309773668198,-2.1754803810684
-1.65141990745921,2.74374029955452,-1.37798465691789
-2.37588411919261,2.46847264444189,-0.386683922611976
-2.76667614008317,1.8460221028759,0.659033425824107
-2.76892154254761,0.963925441137752,1.6121219121528
-2.38228927225042,-0.0537671708930616,2.33856352058604
-1.66103819801502,-1.06394279353248,2.73619663737682
-0.706455147234664,-1.92451085323981,2.74907377531205
0.347368725511064,-2.51435736526643,2.3753584807971
1.35245110716386,-2.75051667715394,1.66760585563702
2.16761581971312,-2.5997622760747,0.725320500728422
2.67836252371994,-2.08329843816607,-0.318983247683239
2.81292782706885,-1.27371612882248,-1.31848870716859
2.5524146106948,-0.284893088477344,-2.13265212867912
1.93337472080892,0.744084271899947,-2.64697058490856
1.04275814261677,1.66846650560495,-2.78913655740922
0.00566296666114967,2.3582108111354,-2.53916437764175
