0.662014442015941,2.07144060901684,-2.8478851694138
-0.902249826164505,3.41486876905138,-2.39846268226184
-2.34012747849929,4.27875483726853,-1.61174858690169
-3.45006182107733,4.54177654401946,-0.59844969582256
-4.0764622275433,4.16699228822652,0.49880597891724
-4.13150030285999,3.20703457680113,1.52557769594457
-3.60741637290425,1.79670146139721,2.33749579302813
-2.57769201739003,0.134125441556834,2.82043285270368
-1.18662417301266,-1.54717018168062,2.90647388826517
0.370801810065477,-3.01101852880762,2.58368861720624
1.87627553002804,-4.05179533151141,1.89760919578451
3.11876223956618,-4.52334358970935,0.944896210121849
3.92409345730307,-4.35937917163871,-0.14032997823644
4.17934960306399,-3.58298333374652,-1.20537424508041
3.84880323156517,-2.30327798700805,-2.10045114226864
2.97870973966966,-0.700097877156239,-2.69965679404238
1.69107335482655,1.00126443844903,-2.91891654033284
0.166396624294895,2.56171402713564,-2.7275418340759
-1.38158529148906,3.7619821279321,-2.15268907732696
-2.73586769091936,4.4332619958938,-1.27538856878691
-3.70660738951772,4.48143169005179,-0.219189322028168
-4.15768219542599,3.89970666281898,0.867234890500902
-4.02596865557978,2.76988016457223,1.83107238878879
-3.32987079705797,1.25089055099417,2.53691788982548
-2.16697190256531,-0.443685306009941,2.88553907452321
-0.700328081992278,-2.07558136022926,2.82819699838975
0.864441874277484,-3.41535850283708,2.37319696305297
2.30796185032699,-4.27468030429814,1.5847962682515
3.42786006774638,-4.53273579849084,0.574063292485396
4.06714827084296,-4.15337873986233,-0.516707180019636
4.13624195254318,-3.19000634206235,-1.53405130635763
3.62543011605031,-1.77816211384772,-2.33497479295001
2.6063706236001,-0.116548614456649,-2.8070990896586
1.22195651679578,1.56107884046165,-2.88419176135816
-0.333701353952999,3.01872979196123,-2.555740918723
-1.84248559759815,4.05139483452031,-1.86821218844192
-3.09285950844015,4.51384819250526,-0.918537713031982
-3.90953149786378,4.34118117882601,0.159561734033337
-4.17800856413118,3.5577771851974,1.21443511488468
-3.86072710685042,2.27399418884444,2.09786022599906
-3.0021513824185,0.67060119676913,2.68564996921916
-1.72270942409174,-1.02670754573538,2.89548442761159
-0.201810711186835,-2.57904962590682,2.69811966769791
1.34728313409107,-3.76799916262732,2.12163207376577
2.70736826718633,-4.42623287693308,1.24733761085805
3.68776304081921,-4.46130196387002,0.198348108517861
4.15097910770159,-3.86844277635839,-0.87772241801576
4.03219225608492,-2.73122763041732,-1.82956311733888
3.34805845311472,-1.20991772159944,-2.52356024186332
2.19451137253748,0.481220202730462,-2.8622240264158
0.733342630236637,2.10405046748223,-2.79828748198508
-0.83054777631034,3.43011252948964,-2.34103878738178
-2.27786725135517,4.27279699556824,-1.55504586299497
-3.40568424678579,4.51368512011448,-0.551047241748751
-4.05588892865356,4.11885487592235,0.529664733152435
-4.13739382739251,3.14425573255344,1.5350755563228
-3.63874426689272,1.7272403992672,2.32388843445782
-2.62991382792667,0.0675240207056882,2.78547514312673
-1.25240133294747,-1.60107726008661,2.85512332544083
0.300619575006293,-3.04356344297087,2.52334771236622
1.81137277001809,-4.0568601203072,1.83707579019346
3.06802560472883,-4.49840776696477,0.893016559881475
3.89439649344358,-4.30624329526707,-0.175915437802807
4.17462919428931,-3.50759716915662,-1.2193817960695
3.86953035215214,-2.21526152503332,-2.09079133339607
3.02187950762924,-0.61143020186607,-2.66762936319872
1.75056051256526,1.0778633431416,-2.86905880096707
0.233871507023163,2.61462588162886,-2.66699069302468
-1.31550664374627,3.78245734397924,-2.09008506617721
-2.68032350879356,4.41688533825851,-1.21968992190992
-3.6692296601951,4.42886569458598,-0.178319015461213
-4.14355849615536,3.81696297796154,0.887490895144942
-4.03688860144186,2.66761074684905,1.82784725296111
-3.36420177582032,1.14297082356717,2.51069057485204
-2.21983499664025,-0.54200627171128,2.84006976174536
-0.764281328017136,-2.14987883448683,2.76989404078093
0.798352345107573,-3.45417007809057,2.31025916495384
2.24895684460908,-4.271277003931,1.52598162813197
3.38414589543242,-4.48634920905963,0.527521564899009
4.04477885343521,-4.06928434597454,-0.544623889750129
4.1382891580259,-3.07917790010423,-1.53961919239387
3.65154670368014,-1.65572898141816,-2.31754384223496
2.6528219758596,0.000308823704450817,-2.76916611673491
1.28219106858136,1.65554138818551,-2.83109409650751
-0.26815717212402,3.07679577369558,-2.49478521739194
-1.78083948156389,4.0639912381943,-1.80770643826447
-3.04376482176037,4.4781509984305,-0.866602971241062
-3.87987927066233,4.26139404051399,0.196030631378698
-4.17192255346055,3.44444894874308,1.23069918970095
-3.87905531081657,2.14267703463129,2.09195280335274
-3.0423221004853,0.539713527801501,2.65861944355599
-1.77903163327621,-1.13852345553005,2.85108686747245
-0.266343534419462,-2.65562151254667,2.64240552139063
1.28364769934648,-3.79799628210677,2.06203811192328
2.65362007493022,-4.40488402027292,1.1917417323706
3.65150424041467,-4.39107691476889,0.153987623612905
4.13736035072628,-3.75894040624935,-0.905189135600955
4.0431221036141,-2.59769729801294,-1.83673547480423
3.38199560117414,-1.07115990312966,-2.50968615621083
2.24667798123634,0.605522982306263,-2.82939742554808
0.796362251650894,2.19618708736103,-2.75092961754915
-0.765601465008752,3.4769040964836,-2.28540711343078
-2.22020769842824,4.26751423980186,-1.49835687747652
-3.36350424835423,4.45693520495805,-0.500555486174053
-4.03519422975676,4.01878696209848,0.567595448012618
-4.14111074674505,3.015077389685,1.55576537841376
-3.66638276359551,1.58733845463435,2.32494546811744
-2.67754206694258,-0.0632358152006263,2.76691288312372
-1.31325769552345,-1.70421330599687,2.81952184539683
0.235184840083998,-3.10462999294264,2.47534689797945
1.75066663945594,-4.0675156060533,1.78282125770352
3.0206846431958,-4.45750276375595,0.839343158973831
3.86715878474135,-4.22002603085535,-0.222314049643644
4.17132097135647,-3.3887805605164,-1.25278586243562
3.8905933363558,-2.08096206983656,-2.10712255632109
3.0643047240448,-0.480830197027825,-2.66509035400817
1.80827102589534,1.18635554814793,-2.84807229827178
0.298631592457602,2.68600799990056,-2.6303126627602
-1.25292319167398,3.8072336253917,-2.04237786396767
-2.62881082325942,4.3924029915098,-1.16693926868033
-3.63608266208589,4.35948644796661,-0.127092552148332
-4.13339525539263,3.71332933455669,0.930910673661222
-4.05106229906776,2.54509971278846,1.85818201021817
-3.4005733432765,1.01928009839256,2.52425203499922
-2.27313078118484,-0.649408039793689,2.83539659624887
-0.826844528763856,-2.22625525817893,2.74769463263562
0.735456258898893,-3.48956779923626,2.27338600878943
2.1946529709307,-4.26183443395567,1.47904389365679
3.34607362954409,-4.43467379097546,0.476276476296231
4.0282072623019,-3.98395353550976,-0.593923181522209
4.14535962560236,-2.97323519936227,-1.58101118366557
3.6810852694999,-1.54480709925655,-2.34619043403804
2.70042588828641,0.100434901006029,-2.78166011510792
1.34093536104745,1.73118116356135,-2.82608749606175
-0.206704711854162,3.11824290250593,-2.47301136305624
-1.72539778010263,4.06677664030113,-1.77189327342553
-3.0020904582378,4.44351901482161,-0.821131848943751
-3.85767096569028,4.19578229100089,0.245689034609
-4.1720397085441,3.35848737583227,1.27862031354624
-3.90112582169866,2.04938264101529,2.13238405560094
-3.08289896450914,0.452544020851997,2.68689473412371
-1.83210153757798,-1.20763914308989,2.8638865462634
-0.324212856385426,-2.69793382336853,2.6382911665886
1.22920487204441,-3.80904581579461,2.04156222948452
2.61018213759735,-4.38487212552022,1.15734859281412
3.62494071508261,-4.3447266677756,0.109754364308446
4.13099022738441,-3.69433018734428,-0.954085214708889
4.05739187680864,-2.52510856934038,-1.88466414898056
3.41439961829199,-1.00134222566552,-2.55099346622775
2.29222550092242,0.662958116492279,-2.85931841194824
0.848347353656174,2.23408027774389,-2.76598716388071
-0.714604571354711,3.49143352586418,-2.28382071474442
-2.17727026264635,4.25852496235859,-1.48025336408458
-3.33435160223787,4.42760814534078,-0.467910900297595
-4.02343775625744,3.97511989793144,0.611099895508764
-4.14779754714991,2.96453194320511,1.60516810541524
-3.68999109065173,1.53774904888189,2.37469085053132
-2.71421512954274,-0.104937605379493,2.81123786942544
-1.35744680056712,-1.73295569045506,2.85324753379561
0.18985789394467,-3.11780284689446,2.49444714029108
1.71047887994655,-4.06512830003038,1.78486819596786
2.99093207378043,-4.44198457204232,0.823861092859613
3.85145170194374,-4.19540652573438,-0.253825709644886
4.17117940955858,-3.36004001489835,-1.2969509738937
3.90526418027345,-2.05301470502421,-2.15892845412436
3.09105608547861,-0.45774643507943,-2.71862053412457
1.8428586579988,1.20193994977663,-2.89704366920106
0.33595385296639,2.69316687614263,-2.66880503242071
-1.21804868375082,3.80669326850402,-2.06556431592113
-2.60091933839969,4.3861586070937,-1.17164583627396
-3.61846960849783,4.35031960337631,-0.112284349328844
-4.12773664349807,3.70403801496292,0.963958648442573
-4.05729657902221,2.53798954055083,1.90603205269197
-3.4170270705202,1.01566309419154,2.58144443143018
-2.29687701823086,-0.649429368255496,2.89518743575715
-0.85421423869814,-2.22371468146248,2.80283766110683
0.708304421135498,-3.48632618367767,2.31695373675624
2.17118525123759,-4.26009474365242,1.5053466110601
3.32893668378854,-4.43633761349389,0.481559949057858
4.01894858707934,-3.99029097849751,-0.610882106444058
4.14428957880936,-2.98434497404855,-1.61863977750714
3.68744680489104,-1.55951500181897,-2.40033078969852
2.7126104405369,0.0844079293991737,-2.84594069501807
1.3567890073713,1.71686946734349,-2.89261952413187
-0.189486116426705,3.10887129529407,-2.53343360582896
-1.70893104940607,4.06511030672841,-1.81838525036112
-2.98804410031661,4.4512533611238,-0.847499814392791
-3.84711926489161,4.21311065822874,0.243231373528428
-4.16542717715127,3.38390041849522,1.30088283250144
-3.89834529972151,2.07975336612096,2.17695415264106
-3.08348099350092,0.483538115008134,2.7484244178626
-1.8354108621447,-1.18091330298291,2.93479364945361
-0.32960367434414,-2.68012914575947,2.70957492849211
1.22226481132378,-3.80377364913069,2.10403081786066
2.60206321258298,-4.39397031729448,1.20278590011372
3.61588117457103,-4.36794146637622,0.132059669497307
4.12118772711912,-3.72912307771211,-0.958065335498142
4.04711948309747,-2.56699399987293,-1.91469223471158
3.40416342397661,-1.04444070976839,-2.60344669756265
2.28276745743979,0.625035327368094,-2.92751508631114
0.840691117118222,2.20725047432118,-2.84118555900681
-0.719266289378458,3.48019480000486,-2.35626294423745
-2.17775376922507,4.26519899491342,-1.54051574700103
-3.32971948626703,4.45189375189356,-0.508115846233147
-4.01325377283854,4.01403431448709,0.596215799248427
-4.13229435108836,3.01285865292651,1.61751133186895
-3.67026657025715,1.58864081639892,2.41254945778632
-2.69223500089552,-0.0588332940611025,2.86965921406749
-1.33584654238693,-1.69844670490057,2.92448039001822
0.208060938110429,-3.10010729482566,2.56914801119939
1.72230759265431,-4.06705616887767,1.85328930802663
2.99392405446232,-4.46348312410367,0.87719369304316
3.84411931505176,-4.23356170727467,-0.222332322513296
4.15334025217693,-3.40943981080983,-1.2911049809974
3.87827645612116,-2.10659789595202,-2.17913384723577
3.05775149643913,-0.50780453400621,-2.76178868291565
1.80732673426716,1.16259577856934,-2.95724360024945
0.303018258195703,2.6701367725859,-2.73794282168897
-1.24347608443731,3.80316795466018,-2.13455829182285
-2.61456804693204,4.40239395155256,-1.23162666330168
-3.61741055543522,4.3837849816922,-0.155782627678023
-4.11091057046652,3.74965303980925,0.942061429986689
-4.02587079717801,2.58897655766149,1.90790065040461
-3.37441965423898,1.06460920078398,2.60621979946278
-2.24832720539407,-0.609480474671849,2.9389497994068
-0.806226620064618,-2.1982363034899,2.85942952035135
0.748854329362425,-3.4785283637581,2.37878347504405
2.19803443688166,-4.27050343821109,1.56446565042289
3.33739526228597,-4.4628087582675,0.530708630173351
4.00668900308949,-4.02838694783469,-0.577398647110484
4.11182969276826,-3.02809984437288,-1.60428741198507
3.63822942658952,-1.60233686319396,-2.40594227227419
2.65272109845852,0.048638330255834,-2.86992828668302
1.29418548088109,1.69293535467176,-2.93112955850114
-0.246030464648287,3.09954871903972,-2.58106811410454
-1.75105842787725,4.07083646158583,-1.8689428659077
-3.00904905195816,4.47021794449743,-0.894804413522329
-3.84300488260383,4.24158595347182,0.204566755917577
-4.13562466078883,3.41694922487216,1.27485109407235
-3.84595120403708,2.1121158690158,2.16584363256677
-3.01494327056744,0.510438907698072,2.7524983442459
-1.75979910278733,-1.16301597238153,2.95263550660992
-0.257378202478136,-2.67305628469623,2.73827548009668
1.28069860848166,-3.80744911502651,2.1397005883361
2.63786165033523,-4.40657187324725,1.24108575424915
3.62310333770364,-4.38630924748421,0.168724534250391
4.09774515234392,-3.74950871488234,-0.926731318542369
3.99523096615536,-2.58559887347461,-1.89148107134459
3.33024379808743,-1.05824402607362,-2.59017945570645
2.19657510153219,0.617831254634654,-2.92475066800189
0.75407478413035,2.20696642533109,-2.84848492430243
-0.794015053412581,3.48571340924867,-2.37231226128723
-2.22965568503903,4.2742764686017,-1.56334686509294
-3.35072870541689,4.46174070099011,-0.535390967623938
-3.99950459794433,4.0217676993013,0.567033993057529
-4.08478689466378,3.01629494508906,1.5889615272922
-3.59481545785853,1.58668800030675,2.38694106201173
-2.59882928815119,-0.0659182357112852,2.84909909074307
-1.23730664576266,-1.70906951367694,2.91068384564142
0.29786760279558,-3.11163892315728,2.56334635765852
1.79042697411502,-4.07635567056652,1.85617143482604
3.03019837195959,-4.46758545848791,0.888782970980333
3.84270900406573,-4.2302852503533,-0.202687633952162
4.11367139932295,-3.397914064481,-1.26478896440304
3.80523314171359,-2.08766987228856,-2.14832877328115
2.96105652346206,-0.483931393924367,-2.72918557508848
1.70026750321804,1.18761641118773,-2.92601383352107
0.200605100606222,2.69176499097683,-2.71141707295564
-1.32662929869974,3.81690263439859,-2.11589394407358
-2.66634703205151,4.40464434827124,-1.22345187166843
-3.62997846256238,4.37245330739851,-0.159770442051436
-4.08191441130066,3.72500186290638,0.925444930219382
-3.95880873943385,2.5534637569133,1.87958750541597
-3.27829722652097,1.02284713247409,2.56865158353161
-2.13643244010216,-0.651362633804263,2.89584614191908
-0.694247866718086,-2.23350102270551,2.8154978419121
0.845025787988557,-3.50090413157749,2.33924072368667
2.26458105650376,-4.27526139413254,1.53437085610402
3.36457604544877,-4.4477025158252,0.514381496662489
3.99027827152537,-3.99404167833583,-0.577068711026791
4.05378309647983,-2.97833951647961,-1.58631747560074
3.54643003730076,-1.54367939372052,-2.37143030009333
2.53994772164916,0.107867128816523,-2.82218208847245
1.17630899030741,1.74375266324777,-2.87537499749463
-0.352305972611706,3.13368895424976,-2.52386169148355
-1.830577417844,4.08208722391328,-1.81743400905024
-3.05038388221892,4.45547558724278,-0.85579273317028
-3.84011456093009,4.20160027685621,0.225461877463012
-4.08872712331842,3.35624184216889,1.27403965680828
-3.76156800559008,2.03866946264802,2.14241746060348
-2.90496132158023,0.434521478972914,2.70838497095764
-1.63976427245703,-1.2302659154394,2.89253169326731
-0.144321614213136,-2.72128389232213,2.66922024422317
1.37070875173179,-3.82868000563421,2.07021584150896
2.69201806685465,-4.39655179832644,1.18017584537793
3.63369326953865,-4.34521098647066,0.124647120043083
4.06327811770664,-3.68216153663909,-0.947563533560098
3.9205944390804,-2.50087118691464,-1.88542272532209
3.22605154492606,-0.9679026254541,-2.5569541786433
2.07768184050997,0.700776276560181,-2.86771092486597
0.637385178819273,2.27016983643346,-2.77420199693456
-0.89193399205004,3.51934843985673,-2.28991747090114
-2.29494173741511,4.27256100911225,-1.48336016554945
-3.37419679640811,4.4239202064438,-0.468424666041378
-3.97794495080808,3.95236089507619,0.611742731159342
-4.02140891014698,2.92452753939088,1.60482574713428
-3.49875319111506,1.48533990523174,2.37095131532681
-2.4838387922184,-0.162401357537481,2.80234664108272
-1.11978153554863,-1.78662404085932,2.83845614978851
0.40124117385168,-3.15865940624584,2.47445398942821
1.86504772451654,-4.08545821334509,1.76193371231584
3.06561733012675,-4.43668477557743,0.801534147648587
3.83409782462809,-4.16315250660969,-0.271160533106928
4.06246334016763,-3.30362912407334,-1.30487674510592
3.71888250306749,-1.9793314408197,-2.15397303166958
2.85201555085558,-0.376921910013723,-2.69884756009533
1.58408827973277,1.27789586735183,-2.86286701942892
0.0937834899923887,2.75213379204911,-2.62318194309845
-1.40902180850613,3.83833346414194,-2.01384307250888
-2.71278712118485,4.38373910460932,-1.12101276443766
-3.63410003097181,4.31174934134166,-0.0707188710155169
-4.04337391484364,3.63287223478925,0.988875947186391
-3.88326016189979,2.44287254075876,1.90837157304627
-3.1766113862694,0.909489334769802,2.55825844601796
-2.02311073958537,-0.751287652718228,2.84708776965885
-0.585349093889323,-2.3056386498496,2.73435288888334
0.934165389824818,-3.53482886246546,2.23621593441977
2.32150149301062,-4.26599735165609,1.42311605438624
3.38142720030969,-4.39648871520734,0.409864565977347
3.96489317672858,-3.90809173715428,-0.660589726217187
3.98992204142889,-2.86987841683282,-1.63727132264175
3.4532775934392,-1.42818333018151,-2.38262544227685
2.43070576495083,0.213943031682289,-2.79169215818286
1.06638093548827,1.82532100775634,-2.80705197580143
-0.447498865444395,3.17920098556973,-2.42673908293556
-1.89775190236839,4.08518700619957,-1.70459016518876
-3.0802362256678,4.41595722901668,-0.742538547149618
-3.82859803237917,4.12518975513734,0.323683132598305
-4.0375821523367,3.25405885505033,1.34376487481213
-3.67802102247691,1.92533301026567,2.17399786992079
-2.80077926090135,0.326192195920394,2.69754650611575
-1.5295237495314,-1.31826467074943,2.84071172372424
-0.0433930836752037,-2.77665160408404,2.58356352752172
1.4482890330272,-3.84386490289212,1.96252851178465
2.73548688208368,-4.36987486738419,1.06528502877882
3.63703955705313,-4.2808954328678,0.0183504201891268
4.02604762880615,-3.58971188768761,-1.03075571936682
3.847943685753,-2.39373353571485,-1.93428177649216
3.12803080807327,-0.861413954272708,-2.56500165346183
1.96784752258241,0.791589841538783,-2.83427922940295
0.530931863654915,2.33272045205184,-2.70432351880057
-0.980276859092979,3.54524863140805,-2.19362849577839
-2.35293235830399,4.25873367378918,-1.37423504358572
-3.39376225942932,4.37293834431332,-0.361603133995869
-3.95629129847113,3.87211733561364,0.70162470599856
-3.96138363090374,2.82679812321944,1.66574230826248
-3.40855774264993,1.3842199351789,2.3952055003768
-2.37577629107202,-0.252636423924604,2.78733441595033
-1.00866208769728,-1.85352777196199,2.78713302442196
0.500139703965921,-3.193344312252,2.39473370105314
1.93806799585438,-4.08377993744304,1.66547616652256
3.10259557879613,-4.39973250976552,0.702032760978053
3.82976664000554,-4.09690816227283,-0.359994190726622
4.01718825410933,-3.21810679089535,-1.37120768657922
3.63863161968663,-1.88695998037595,-2.18939150606186
2.74758666757907,-0.290793606470127,-2.69960894055532
1.46966935237676,1.34592156254621,-2.83009005321589
-0.0149982688451074,2.79306904234183,-2.56261440939612
-1.49720927151271,3.84724644702605,-1.93485847337517
-2.76814274019938,4.36035063200919,-1.03512731489544
-3.64879761494517,4.26031999394111,0.0100779215093132
-4.01508390456896,3.56139983016371,1.05385561802432
-3.81555636920503,2.3619502495758,1.94955991831941
-3.07843358608675,0.830674801799314,2.57123442953415
-1.90768286688561,-0.817133727131747,2.83163134869444
-0.468352877109642,-2.34984083600153,2.6941548260803
1.03670599654569,-3.55203777073501,2.17814545980941
2.39541195277663,-4.25482263326684,1.3560781286013
3.41633934047142,-4.359459077349,0.34337680870964
3.9556989333706,-3.85138456460216,-0.7177014155056
3.93751639055391,-2.80202870197251,-1.67808438492441
3.36449358218312,-1.35898265199021,-2.40304429317957
2.31744241860152,0.274921997764586,-2.79064007223354
0.943976143644587,1.87004808964578,-2.78646414151508
-0.562321139192867,3.20224055180425,-2.39103036819683
-1.98917130233476,4.08433672352611,-1.65978165729327
-3.13551877589446,4.39240129180292,-0.695301014008929
-3.83987325661362,4.08321914514785,0.367083252959044
-4.00297271140878,3.20025001444991,1.37828592888155
-3.60189935609608,1.86759867329021,2.19632766812054
-2.693306863424,0.272579041471683,2.70643714945917
-1.40525769449506,-1.36068597307189,2.83685716376246
0.0806932426308925,-2.80271223622171,2.56918605092572
1.55512797501875,-3.85091626315303,1.94084623697272
2.81027235668735,-4.35793527629688,1.03985730032344
3.66928886188926,-4.25267133543481,-0.00747160976376667
4.01107723592984,-3.54988906674573,-1.05427642790133
3.7875644376191,-2.34836395107713,-1.95374779086723
3.03032568262345,-0.816903029190145,-2.57951521297347
1.84609577491133,0.829347647395799,-2.84372820596925
0.401802192370343,2.35911456828739,-2.7091319695729
-1.0990170892926,3.55749430056357,-2.19438409195988
-2.44487317975172,4.2561492739632,-1.37147696245109
-3.44613196446001,4.35681372373405,-0.355618535308766
-3.96174541273269,3.84550913925249,0.710794855439124
-3.91903622331037,2.79394323607025,1.67812286738864
-3.32411671976391,1.34983073952417,2.4107560607734
-2.26084034866972,-0.283971809866264,2.80570908968044
-0.879045481049098,-1.87798202909314,2.80735629271063
0.626554456510917,-3.20829686559528,2.41520656089147
2.04381534055545,-4.08806091653103,1.68396397320136
3.17305442043138,-4.39368432839365,0.715958360873893
3.85519621662461,-4.08214980263581,-0.353220057398884
3.99411265778945,-3.19723183010451,-1.37369705464617
3.57023205773192,-1.86313391828286,-2.20221414738994
2.64336697915332,-0.267222501095808,-2.72250369756773
1.34410198628808,1.36637481859427,-2.86129448735396
-0.144499033556462,2.80821892349795,-2.59880963683984
-1.61271134813622,3.85579484219633,-1.97152955250974
-2.85369329448991,4.36188121220107,-1.06712342098314
-3.69263917024707,4.25542375644129,-0.0122368821601615
-4.0112938597317,3.55123371964918,1.0452868097922
-3.76482418918201,2.34824495934284,1.95713110292481
-2.98802216852905,0.815310430805453,2.5951731580755
-1.79027836142635,-0.83232586573767,2.86966054229784
-0.34036096249512,-2.36328367797649,2.74176617642935
1.15748559919642,-3.5625437459682,2.22904510503228
2.49226912476581,-4.26165512662177,1.40309661346765
3.47597639060005,-4.3623312135642,0.379480833920479
3.97006847013361,-3.85039639242526,-0.698333171211782
3.9048889497161,-2.79763347412449,-1.67904870413929
3.28970182032004,-1.35179583728807,-2.42506444593959
2.2111567667731,0.28411187643013,-2.83141938683694
0.821174566878338,1.8803900387094,-2.84072209667334
-0.684462487355918,3.21286631879096,-2.45131758939866
-2.09368739887,4.09439411156123,-1.71746343366301
-3.20801848829972,4.40107774927383,-0.741856770340049
-3.87052715212862,4.08977226502002,0.338780556103006
-3.98787366761697,3.20406851867884,1.37285636763277
-3.54352301239939,1.86823622915141,2.21509338294758
-2.60010017066702,0.269792550553723,2.74709379574215
-1.29048400277628,-1.36685000628016,2.8938786838741
0.200877717396315,-2.81186910356192,2.6344461471317
1.66394038737794,-3.86232493925195,2.00485448636717
2.89264792798457,-4.37049490212422,1.09314401010097
3.71396696698153,-4.26504927133902,0.0271133355522799
4.01214336321694,-3.56064076165268,-1.04365524509219
3.74523797078356,-2.35601478540291,-1.96882044777034
2.95089247096314,-0.820273106506891,-2.61825626452993
1.74092726792446,0.831009882627393,-2.90044108319244
0.285793409176082,2.36597576127786,-2.7754472246489
-1.20957492862382,3.56904909461779,-2.26044913254148
-2.53457279254665,4.2712188810395,-1.42747753637094
-3.50259221947074,4.37365764838233,-0.393267095155173
-3.97731708878478,3.86198554061777,0.697030258641738
-3.89182525398816,2.80782165084102,1.69015746591891
-3.25820367586895,1.35905259322379,2.44656981507821
-2.16570845144489,-0.280938737493916,2.85978463006151
-0.768213455771185,-1.881908068386,2.87139454471088
0.737454329271105,-3.21902375013336,2.47948055761172
2.13922887140526,-4.10445785999174,1.73880476115685
3.23967708657624,-4.41376196441424,0.753224064137355
3.88381956411102,-4.1032781274831,-0.33890524474058
3.9808933742799,-3.21648862200744,-1.38415214222976
3.51723151990838,-1.87772810584622,-2.23551210922295
2.55816890592764,-0.274877408394039,-2.77315386504462
1.23880044031614,1.36704736376975,-2.92130511966636
-0.255028725219448,2.81747229598588,-2.65884494811065
-1.71289477016793,3.87265801470229,-2.02241802381233
-2.92943797396577,4.38422249131684,-1.10124490894861
-3.73330592483197,4.28017997454941,-0.0246883331644804
-4.01117318262357,3.57502329941811,1.05594777453769
-3.72395680733102,2.36752853067127,1.98873312124098
-2.91217713985705,0.827156838758867,2.64240073557328
-1.69015019420863,-0.829875303476631,2.92477405929137
-0.230066845355239,-2.37088512623158,2.79599371826597
1.26237339642465,-3.57940727057312,2.27394243673825
2.57690746019334,-4.28561358652504,1.43184816253141
3.52833785096604,-4.39013610301661,0.387992524245085
3.98263820263877,-3.87807168073722,-0.710892566373644
3.87577846386916,-2.82116484251597,-1.7101569843805
3.2228201528946,-1.3676534241652,-2.46925186339604
2.11580804263419,0.278442302543798,-2.88133558637619
0.710732581835771,1.88598528558835,-2.88824403738328
-0.794420623005465,3.22917010658799,-2.48887724030005
-2.18755992939931,4.11924954640494,-1.73925981745447
-3.27237919651242,4.4310658260515,-0.744739491827915
-3.89603268058167,4.12059484019964,0.354822750868304
-3.9706212222726,3.2311761245598,1.40476441837484
-3.48565265334992,1.88761228410147,2.25737559840124
-2.50949990250501,0.278442115487234,2.79258316281454
-1.17974616956458,-1.37038949368696,2.93504843723973
0.316196001736248,-2.82728195381883,2.66461431959215
1.76749117667397,-3.88752813118782,2.01925466760318
2.96959909418189,-4.40194432187732,1.08969837811433
3.75311547805105,-4.29818326723417,0.00668760108872311
4.00755292176716,-3.59059818731583,-1.07739724655764
3.69709673075615,-2.37831772173461,-2.01003990753242
2.86558573662026,-0.831539613114564,-2.659990650356
1.63020869558537,0.832561970990452,-2.93569279787988
0.165125065927446,2.38024288028866,-2.7983627263944
-1.32314376311572,3.59403980872322,-2.26731121435945
-2.62481134045271,4.30328788021884,-1.41724242550611
-3.5564019289546,4.40821262640031,-0.367777056305406
-3.98662606964012,3.89385828043739,0.733413789266115
-3.85484310583926,2.83229618228896,1.73128118317319
-3.17962944126809,1.37250596725743,2.4854362241274
-2.05624036713097,-0.280540501870347,2.88981790589558
-0.643054269616715,-1.89464924727324,2.88752786113373
0.860696905260925,-3.24302332029381,2.47894431331678
2.24301663095748,-4.13614628719036,1.72161510436252
3.30903625694585,-4.44837500161908,0.722142499318782
3.90849885851227,-4.1357161858142,-0.378735127285247
3.95691065945779,-3.24188369835125,-1.42608375374077
3.44745285117012,-1.89230888431456,-2.27257520318031
2.45199878560991,-0.276530036319278,-2.79906513845532
1.11090018532842,1.37848538542981,-2.93156811756716
-0.386739897456649,2.84019117175123,-2.65154456481972
-1.82976771830704,3.90315196247511,-1.99852350228768
-3.01473736387606,4.41790028252205,-1.06453920864521
-3.77460572837553,4.3119244644243,0.0188929174666962
-4.00220877261859,3.60012504791139,1.09925968364907
-3.66547486891118,2.38228358741473,2.02452877364366
-2.81197363649077,0.829493566433556,2.6645895780111
-1.56204071896389,-0.840107020199319,2.92944462876469
-0.0919383684812168,-2.39191856015829,2.78200325376609
1.39105731049903,-3.60785350474046,2.24322915594606
2.67785985461389,-4.31699691115575,1.38911398339021
3.58705537725876,-4.41965565994404,0.340015307580073
3.99049011996574,-3.90122490639391,-0.756354350416
3.83127537951147,-2.83458209135141,-1.74565029067313
3.13187325185158,-1.3695277508118,-2.48873353230624
1.99093425078925,0.288093891613844,-2.88121641215009
0.569337165226104,1.90534621176175,-2.86811051529357
-0.932488543535013,3.25494476843308,-2.45150283207655
-2.30280801050787,4.14721526148275,-1.69028498200808
-3.34843601902853,4.45677207475645,-0.691758338820035
-3.92198449435154,4.14000757022518,0.403373009902892
-3.94259422313009,3.2414700781898,1.44093503733575
-3.40734385154824,1.88738560721447,2.27503883868225
-2.39175526155234,0.268091632300899,2.78847174009793
-1.03898388949148,-1.38883361714999,2.90920173119563
0.460253334522452,-2.85051693492837,2.62058233221782
1.89460425348169,-3.91153347568333,1.96354994645804
3.06186966282028,-4.4227893613655,1.03087870183677
3.79751547503873,-4.31243152158445,-0.0459946379662849
3.99780192538921,-3.59604169748326,-1.11545545202407
3.63448857704316,-2.37432228466157,-2.02704233250808
2.75883420830485,-0.819066018471581,-2.65265556843122
1.49425813385312,0.851107749760301,-2.90455753117671
0.019028944719544,2.40143990912035,-2.74764555813359
-1.45892171851467,3.61405641726275,-2.20441607167601
-2.73127842057693,4.31848819067568,-1.35164299920919
-3.61870736698958,4.41590685417809,-0.309600525494215
-3.99614132615175,3.89267614740119,0.774928744178373
-3.81034506997988,2.82244318074174,1.74934005505001
-3.08750164540058,1.3557705014907,2.47670181563252
-1.92946504208592,-0.301124442933165,2.85492973923576
-0.499445560013467,-1.91531513537506,2.83123685422533
1.00104401993372,-3.25992727731829,2.40936901399288
2.36055484392363,-4.14604783411072,1.6491115601929
3.38750361078068,-4.44919895917058,0.657735291260151
3.93718182000113,-4.12695223680223,-0.425037803147816
3.93209002539795,-3.22477412660253,-1.44678943744491
3.37289993341686,-1.86955973985578,-2.26392759853043
2.33842051370474,-0.251994022272549,-2.76179752902472
0.974359149018034,1.40048989492607,-2.870675418496
-0.527109775353833,2.85560877483496,-2.5757422983937
-1.95445332643988,3.90889625858277,-1.91894379406207
-3.10657542443327,4.41244545579953,-0.993085097280084
-3.82115768107388,4.29558984258601,0.0713227661662738
-3.99744639192834,3.57508039786644,1.1244564501278
-3.61059429071064,2.35231034255327,2.0182374913529
-2.71505802138332,0.799370227609467,2.62712785405503
-1.43695348152259,-0.86535188868427,2.86590453992065
0.0437064195476149,-2.40782332845749,2.70141130551094
1.51839020047979,-3.61128660382602,2.15729175105976
2.77939610508683,-4.30669206888301,1.31048898446174
3.64910868451843,-4.3965165822454,0.280416591998799
4.0050214059059,-3.86835630933541,-0.787853273204795
3.79695888639259,-2.79667238360691,-1.74405161962947
3.05416424213205,-1.33233920875995,-2.45396754397349
1.8811740363644,0.318674499014548,-2.81798219176594
0.443128334130815,1.92423075693059,-2.78539773134642
-1.0575217884718,3.25867547134841,-2.36123990412957
-2.40949559803917,4.13456450195753,-1.6056066124234
-3.42243309865837,4.42903557346114,-0.625097101383693
-3.95370610727399,4.10081900265712,0.44216910388854
-3.92847458939106,3.19635343698347,1.44603073574616
-3.35016383639124,1.84295694244112,2.24545749687363
-2.3001882780146,0.23108038324899,2.72836888440003
-0.926263287902073,-1.41261986441014,2.82714815872514
0.578260724736196,-2.85710190860003,2.52837763360571
2.00164415553942,-3.89942332942166,1.87449500811063
3.14355287599411,-4.39324294630897,0.957803265092498
3.84326115568878,-4.26938438516139,-0.0925634576073818
4.00220742467594,-3.54548196466579,-1.12883939161184
3.59797934031565,-2.3235190032391,-2.00543072849207
2.68739299455397,-0.775455740737747,-2.59917536765452
1.39852123468363,0.881013304195386,-2.82698208107158
-0.0873382261842021,2.41303431389522,-2.65717872949766
-1.56116926298921,3.60534488145354,-2.11403049278829
-2.81563188798596,4.29044529900375,-1.27421895228016
-3.67423281974216,4.37224630948372,-0.256015689400685
-4.01616356640346,3.83956005332316,0.797272650156862
-3.79325738526852,2.76735695842636,1.73753826738214
-3.03679178367111,1.306583959633,2.43283223178991
-1.85309516338565,-0.337346686903793,2.78553602680446
-0.408581945580487,-1.93334195938939,2.74641322262894
1.09364646058599,-3.25712540340946,2.32126080145016
2.4423566504418,-4.12276436517131,1.57012639938197
3.44788801211592,-4.40876483601028,0.598826061065102
3.96883010371035,-4.07504995903343,-0.455966839376262
3.93190825070561,-3.1687451198518,-1.44594857502277
3.34214550935873,-1.81730802948549,-2.23198599701279
2.28245553907874,-0.210814353937066,-2.70382920515258
0.901727321772376,1.4249260122012,-2.79528924105342
-0.605995307210496,2.86004996018725,-2.49376021837412
-2.02880757003852,3.89294704119096,-1.84184109527042
-3.16672396309345,4.3785729848067,-0.931339372231262
-3.85979191617515,4.24877134227234,0.109633374598034
-4.01053402779132,3.52194111103547,1.13472467397273
-3.59770926806503,2.30035100120054,1.99993137969676
-2.67926275967235,0.755710154065212,2.58359843772048
-1.38417896017807,-0.894907937546355,2.80387535671384
0.105608846617378,-2.41957414097983,2.62992730109528
1.58081740809359,-3.60409482168343,2.08634242783187
2.83419351861052,-4.28210768256394,1.24963243937721
3.68963401237276,-4.35837227703177,0.237435290078536
4.02693383803179,-3.82227999185418,-0.807910607081169
3.79862643202135,-2.74916197930091,-1.7394074772131
3.03671506863328,-1.28983714003506,-2.42627369401273
1.84815634354663,0.350670676371808,-2.77191801445305
0.399821335402861,1.94189509703958,-2.72782995889067
-1.10491552868855,3.26030704175949,-2.30026926542765
-2.45474119317376,4.12071874006002,-1.54935215871242
-3.46007899466564,4.4023340895576,-0.580655254050156
-3.97972165367774,4.06545989452103,0.469660213705009
-3.94065803059006,3.15745681809519,1.4539601608898
-3.34820847869499,1.80581330978306,2.23383115726132
-2.28554089830245,0.200376697023085,2.69972619793446
-0.901791696290891,-1.43337574504466,2.78610518333214
0.608809121069629,-2.86597434182622,2.48078927774961
2.034198300886,-3.89619343117733,1.82665437196957
3.17425243573597,-4.37923813016999,0.915581228708582
3.86888928448577,-4.24728149107972,-0.124384070910788
4.02050278248769,-3.51869417054175,-1.14709185040146
3.60775420491327,-2.29573871244416,-2.00885378767492
2.68850130867646,-0.750096080293526,-2.58839496889104
1.39167019792604,0.901235489535891,-2.80419247206093
-0.100735381852189,2.42637098406533,-2.62581987645546
-1.57927098024433,3.61111090922947,-2.07822213260165
-2.8364051108456,4.28897877236937,-1.23826633581757
-3.69565331020217,4.3646194929096,-0.223883603937131
-4.03635918629857,3.82738098736963,0.822380375340689
-3.81059536952576,2.75243344636656,1.75339147704443
-3.0499401474699,1.29061137709065,2.4383346277035
-1.8610790873098,-0.35291545120301,2.7807853052509
-0.410782462196516,-1.94742900589925,2.73243877817872
1.09745241404939,-3.26902329762069,2.29993846571133
2.45195968007115,-4.13205711521707,1.54388487009807
3.46260967700248,-4.41520432876669,0.570407612303844
3.98750495741508,-4.07845331362348,-0.483780087247369
3.95290167939745,-3.16891870299277,-1.47054608688845
3.36346553760783,-1.81402817734514,-2.25110207067109
2.30184867413009,-0.203871713488206,-2.71567888630165
0.916943292362858,1.43558741013839,-2.79879322133128
-0.596955913245778,2.87418053363588,-2.4885332434062
-2.02740354587159,3.90985632018539,-1.82828219030783
-3.17361746486957,4.39699345549859,-0.910604388623249
-3.87466892188217,4.26698790633692,0.135670607527397
-4.03201264818759,3.53785394721762,1.16357566654076
-3.62347188698537,2.31162125800089,2.02868514137483
-2.70626841118873,0.760262858035728,2.60926959814021
-1.40896628449687,-0.898591435065188,2.82350726830922
0.086407814097568,-2.4321073161087,2.64108401297421
1.57001760875731,-3.6249393270392,2.08734803159271
2.83361556575448,-4.30945326050971,1.23987349786436
3.69977960219698,-4.38928538199671,0.217523006554544
4.04682828616218,-3.85293907836973,-0.836164550668098
3.8259074899559,-2.77538983905997,-1.77306887991916
3.06782731891425,-1.30761399677699,-2.4615504388546
1.87888587482139,0.344528513666968,-2.80469868752804
0.425862375490085,1.94919954099419,-2.75400659238742
-1.08734181734523,3.28109987929484,-2.3163355602426
-2.44831074858093,4.15310559550219,-1.55287762255039
-3.46593322446176,4.44263858513292,-0.57064778251604
-3.99724748808994,4.10856009340598,0.492528923433689
-3.96754224642977,3.19751029169499,1.48735990477111
-3.38074549026032,1.83705713383385,2.27402975956442
-2.31909038916625,0.217930671536323,2.74189569003856
-0.931495866671418,-1.43270937415494,2.82502341079125
0.587311436213696,-2.88314597481963,2.5114172504456
2.02410916310049,-3.9296458811399,1.84483204350919
3.17711592956355,-4.42499434889165,0.918582358058036
3.88433697955006,-4.29940351971396,-0.137451514539867
4.04627515645534,-3.57011730257511,-1.17506085500865
3.64003655425343,-2.33914419382626,-2.04857390085766
2.72250041287912,-0.779069611229772,-2.63518091361908
1.42230773691839,0.891273663098921,-2.85221890671415
-0.0780540233809269,2.43743091361937,-2.66897151376736
-1.56794202733832,3.64225868079305,-2.11085174183215
-2.83810354685516,4.33631902641284,-1.25591825290155
-3.71007030944719,4.42197703377171,-0.223952021468102
-4.06124371495822,3.88678931915417,0.840325737989778
-3.84212701053002,2.80556656934191,1.78745673407
-3.0832408342554,1.32982001339478,2.48444389286799
-1.89102630026318,-0.333456110612019,2.83329798631988
-0.432786530741653,-1.95081875773152,2.78473292018419
1.08674517972009,-3.29513728304692,2.34527693798499
2.45414586858644,-4.17749814888587,1.57629212374423
3.47728368895652,-4.47374759830783,0.585435250800275
4.01232190147241,-4.14197760186844,-0.488386542579502
3.98397668917209,-3.22838850673979,-1.49453721028116
3.39596648836824,-1.860983010336,-2.29180807511338
2.33067947397752,-0.231548690412072,-2.76809641778172
0.937607007746744,1.43123340603633,-2.85636625733231
-0.587671519633337,2.8938702609496,-2.54391014470696
-2.03093151670844,3.95086481861648,-1.87426765474814
-3.18939260030714,4.45348854582966,-0.94111449292268
-3.90021674864494,4.33093278454874,0.124824697378882
-4.06336659478057,3.60015109737477,1.17409536300755
-3.65574770344279,2.36335584086683,2.05949061995115
-2.7344246235987,0.794090465949861,2.65667748724188
-1.4286355638542,-0.887414890878846,2.8815816618099
0.0783085159649226,-2.44504597148357,2.70241463324851
1.57478326595206,-3.65997932380112,2.14402435792023
2.85056131070392,-4.36138468652386,1.28446019962841
3.72635073408643,-4.45056081379568,0.244084439942114
4.07898876080639,-3.91466751915626,-0.831303819379467
3.85880145722053,-2.82874927789158,-1.79081982102499
3.09643982531459,-1.34508036910688,-2.49977819928197
1.89886255943422,0.328101607773119,-2.85860849329677
0.434144707488132,1.9558461488995,-2.81671794844788
-1.09205927688666,3.30948665687358,-2.37970674967942
-2.46539134099733,4.19877599207406,-1.60860487772416
-3.49290191099913,4.49862533839191,-0.611326696541693
-4.03016653691183,4.16666755420893,0.47235439330952
-4.00161569188837,3.24932268268409,1.49044537521167
-3.41102019038665,1.87522079761414,2.3001846639631
-2.34116538913939,0.237262497689791,2.78777541843077
-0.942153260289115,-1.43454134688828,2.8846376866416
0.589632945507906,-2.90533878698552,2.57694032810932
2.03911067081562,-3.96844506098647,1.90759709840016
3.202698225928,-4.47437213538319,0.970305419009924
3.91691334734197,-4.35187201071264,-0.103617032087296
4.08132493566763,-3.61798956001783,-1.1636018353091
3.67268947658559,-2.3756230864077,-2.06091143201692
2.74822607365561,-0.799211262760042,-2.66961429906346
1.43759479018207,0.88985805541972,-2.90411381590248
-0.0752776398344676,2.45430173280308,-2.73133030229952
-1.57803798618478,3.67430413076461,-2.1753145309732
-2.8597007493175,4.37824438231784,-1.31387181275885
-3.74027657045265,4.46732261094068,-0.267732723722736
-4.09603743649535,3.92870057846441,0.816415139762022
-3.87695459758563,2.83803326317882,1.78647495785166
-3.11355392431357,1.34845057511665,2.50622493746032
-1.912894208206,-0.330826050335348,2.87461243329147
-0.44340248292143,-1.96387516797323,2.83980821100873
1.08873103123143,-3.3212293830232,2.40653254402756
2.46847967776238,-4.21213295011223,1.63545399919428
3.50216278932819,-4.51129488823355,0.634622017817693
4.04464026833413,-4.17666612426171,-0.455547939280987
4.01971837092286,-3.25515199968751,-1.48202292357098
3.43069769864561,-1.87613162359009,-2.30080413403072
2.36013538835442,-0.233384463147565,-2.7968828605055
0.958128545604141,1.44228715623456,-2.90052439970951
-0.578666559190686,2.91542302329234,-2.59710312106909
-2.03465044027946,3.97901241197352,-1.92911157887988
-3.20552476866956,4.48352816115959,-0.990272777617502
-3.9269633044786,4.35807591805929,0.0876685793254458
-4.09765370058969,3.62028814904199,1.15342054343748
-3.69354246039101,2.37372917513847,2.05731656378464
-2.77120555345513,0.793610537663068,2.67245151858672
-1.45992350623596,-0.898040654722377,2.91242584598279
0.0564307489698974,-2.4635068731979,2.74350066189583
1.56520524464604,-3.68281333998543,2.18940232304416
2.8547766001004,-4.38450951242258,1.32790920683786
3.74423906536464,-4.47012842489679,0.280012942860862
4.10876489305228,-3.92756814964537,-0.807112801050147
3.89719688937602,-2.83313004963934,-1.78080491368256
3.13904255353442,-1.34062325098609,-2.50430187907657
1.94051459783948,0.340200449648008,-2.87598723217392
0.469632167582259,1.97312242481773,-2.84373314110161
-1.06739701756733,3.3286655327314,-2.41210030838258
-2.45505736109784,4.21635585787941,-1.64179698231978
-3.49874937382552,4.51151309025566,-0.641054787176391
-4.05208618399274,4.17258838128224,0.449475529119898
-4.03744820347955,3.24735999808606,1.4764932628373
-3.4567436628977,1.86581054770324,2.29581319122426
-2.39130556156735,0.222201519168348,2.79240108765389
-0.990418039027816,-1.45245674357723,2.89652143160633
0.549569629591244,-2.92280118566159,2.59370317362465
2.01278568215211,-3.98220780930864,1.92662539391423
3.19409284705333,-4.48184790425994,0.989169840389667
3.92785222787312,-4.35153760219428,-0.0868467871523209
4.11112928323122,-3.60968380290682,-1.1501888873616
3.71817649334463,-2.36058816168797,-2.05143936717399
2.80395801382535,-0.779910215439742,-2.66397116013649
1.49655953311805,0.910147344744164,-2.90188273333947
-0.02081657081766,2.47202565039913,-2.73189913165827
-1.53551824643913,3.68623249250313,-2.17812954632527
-2.83524025792248,4.38201220671046,-1.31858182475194
-3.73778596905382,4.46183222912882,-0.274222832197066
-4.11660099152927,3.91447484436789,0.808039326067996
-3.9185753886419,2.81697188271494,1.7760750739388
-3.17132761009335,1.32372244592038,2.49394544758332
-1.97949504490949,-0.355319820955249,2.8608086071477
-0.510067369139504,-1.98410434993272,2.82538289613952
1.03106133277322,-3.33368237002155,2.39287910825867
2.42791942865722,-4.21440046416283,1.62436599607972
3.48472873774152,-4.50252405544149,0.628071226053809
4.05335076966466,-4.1576598298548,-0.455778237031796
4.05408172768784,-3.22840939947861,-1.47472073771001
3.48667363857413,-1.8454375885531,-2.28560878673503
2.43057931310123,-0.203320164097047,-2.77466228845781
1.03373251671785,1.46704728194045,-2.87329902987254
-0.508164254820644,2.93082713284174,-2.56798643275392
-1.97905991026141,3.9822719283334,-1.90195482888004
-3.17282729493702,4.47361819445445,-0.969125866411795
-3.92215462788429,4.33588004856513,0.0991545493296822
-4.12197232274629,3.58860089829982,1.15262116696538
-3.74426054369562,2.33689328311498,2.04324210459554
-2.84180983918015,0.756893410474712,2.64584555453644
-1.54104537553449,-0.929191685180472,2.87603574433162
-0.0241801724015028,-2.4842663771488,2.70174961604088
1.49626547509245,-3.68970548963275,2.1478522457278
2.80724515141386,-4.37603639910871,1.29251878810776
3.72504385432576,-4.44688472120219,0.25623348183081
4.12099862185474,-3.89241937592287,-0.815147795536893
3.9396420920231,-2.79069530678611,-1.77097481337304
3.20625824073841,-1.2967750522223,-2.47707299693049
2.02353544644073,0.379189292608851,-2.83429539927252
0.55714484316016,2.00147093669253,-2.79279479023147
-0.987485343978049,3.34193372429999,-2.35876155885074
-2.39394016751572,4.21212303264286,-1.59356031687703
-3.46514277040109,4.48981436081847,-0.605050150884373
-4.05097633911178,4.13593228589348,0.467601484123267
-4.06935847002626,3.20045480911044,1.47350975306408
-3.51755699410015,1.81499954177712,2.27132971459694
-2.47285672017568,0.174552455940783,2.74919410129901
-1.08157693048569,-1.49010610073159,2.84016715731411
0.461395903013567,-2.94482253264492,2.53184110633253
1.93989786695562,-3.98501396456868,1.86792441036903
3.14677673682149,-4.46445390921312,0.942068379606222
3.91292068304347,-4.31580878972812,-0.115334045763699
4.13093473266578,-3.56002781858337,-1.1555528598637
3.77026578235997,-2.30361255891317,-2.03247772216717
2.88132923494636,-0.72338182326081,-2.62287519187304
1.58861877372611,0.958304474311514,-2.84409823392328
0.0732066394588172,2.50484147073996,-2.66538417986628
-1.45262660387328,3.69869131108141,-2.11223581837087
-2.77511863726984,4.37183683555001,-1.26274024648122
-3.70897998956569,4.42978384145838,-0.23652549817676
-4.1233196439498,3.86445553805746,0.821994711287622
-3.96010521057548,2.75545719954695,1.76400213680176
-3.2421025754725,1.25897112314644,2.45731298802632
-2.06983483727053,-0.414379595300667,2.80462310971999
-0.607477647258993,-2.02911191008893,2.75747642582025
0.940139314027231,-3.35802582444198,2.32287037288649
2.35622235191469,-4.21418441638536,1.56222117880932
3.44238473147822,-4.4771887328804,0.582718057217293
4.04644539135791,-4.1101234896785,-0.477804968293098
4.08379858819846,-3.16474100799029,-1.47022895847481
3.54905639574615,-1.77412247655945,-2.25512139985908
2.51709903057473,-0.134082223792444,-2.72247101159936
1.13243447230428,1.52454673537545,-2.80685807166244
-0.411014446935037,2.96834174267675,-2.49677005761074
-1.897058463074,3.99415588990699,-1.83611910209785
-3.11752887470398,4.457647002846,-0.918028014394133
-3.90144247602298,4.29374612452095,0.128267823309372
-4.13893444943561,3.52555953322214,1.15566282370654
-3.79672243087639,2.26129901101218,2.0199097014945
-2.92264649426926,0.678989739109884,2.59961035354564
-1.63906329237749,-0.99863175913991,2.81357891610459
-0.125745367044829,-2.53543658196666,2.63206736604264
1.40536307305572,-3.71515774824873,2.08090398000689
2.73979952355099,-4.37174708953425,1.23784127816341
3.69063157561848,-4.41287826122211,0.221523402073655
4.12460873855729,-3.83292440712874,-0.825115115211289
3.98093009064007,-2.71354887615539,-1.75496225539439
3.27961414025477,-1.21237796009718,-2.43756984104552
2.11883118066046,0.459221274643282,-2.77719248195081
0.661114848720748,2.06594730293345,-2.72638296732994
-0.889391895617248,3.38165887632097,-2.29260919833908
-2.31552239010781,4.22121452539389,-1.53708655726668
-3.41750415011861,4.46656807983658,-0.566192551564791
-4.04094886151776,4.08312435193962,0.483538278410644
-4.09850950187214,3.12507086805148,1.46456779448894
-3.58198493928482,1.72724821779741,2.2391188511472
-2.56365256275638,0.0864907852648307,2.69860295886688
-1.18608500114789,-1.56623192070955,2.7787064542645
0.357817659253084,-2.99829174866986,2.46843130315278
1.85182227080122,-4.00815831498448,1.81162777453895
3.08665258271902,-4.45373710995027,0.900751361193338
3.88930995045157,-4.27239545174131,-0.136072988799227
4.14726608403059,-3.48970724178117,-1.15314913242086
3.82436306528356,-2.21591788441539,-2.007716956686
2.96572125825826,-0.630385504551947,-2.57978399332092
1.69148627104636,1.0436972293439,-2.78914736463712
0.180111563682236,2.5706960946847,-2.6066462341771
-1.35673586429345,3.7357238315461,-2.05812373600551
-2.70377879369039,4.37475323211161,-1.22082608717621
-3.67229294306356,4.39801495133924,-0.212477748160348
-4.12652851357193,3.8022705198572,0.825229375888595
-4.00279642212784,2.67144372298332,1.74649451422234
-3.31828161492985,1.16473920418788,2.42206244163205
-2.16878027854793,-0.50574456645493,2.75717798001963
-0.715249213870876,-2.10489768663065,2.70489100997572
0.838743332240221,-3.40767722402067,2.27273030215498
2.27551065170535,-4.23077975320928,1.52152209076734
3.39374438402988,-4.45844334992838,0.556880261237658
4.0367268334828,-4.05865888657769,-0.485661496746311
4.11430977321113,-3.08774207845306,-1.45966872403764
3.61548086357666,-1.68238582955802,-2.22841282510468
2.60997859518072,-0.0403906368120034,-2.6839774510814
1.23860244150601,1.6071767735652,-2.76250240910016
-0.306583220014913,3.02848945926049,-2.45302922062609
-1.80911220677501,4.0236016682583,-1.79910332118477
-3.05844546509262,4.45240592402109,-0.892580541698307
-3.87948058604296,4.25478380630139,0.139203641215912
-4.1570388207752,3.45852934659562,1.15135599433749
-3.85218337515271,2.17566630754429,2.00179044570185
-3.00748166515135,0.586782099067768,2.57110241989441
-1.74115753130398,-1.08458326975607,2.77928331061128
-0.230579861010572,-2.60329933461416,2.59713937066419
1.31261942801042,-3.75574482355381,2.05023227588012
2.67218322768311,-4.37976199759824,1.21532987961213
3.65754306727547,-4.38764961107758,0.209627947889634
4.13048527635587,-3.77839086176508,-0.8256921666726
4.02468738478827,-2.63766232474595,-1.74521355235617
3.35477956911039,-1.12595225500647,-2.41979681768035
2.21453815857064,0.544102025527503,-2.75471592688885
0.763675234990538,2.13761501481033,-2.70281435687226
-0.794526404106595,3.43048558822136,-2.27127091230525
-2.24168419732337,4.24091876718354,-1.52053793445217
-3.37492665908162,4.45493286340792,-0.55590716067136
-4.03533981620764,4.0425074029891,0.48722794119184
-4.13027786464145,3.06163028649963,1.46239183520624
-3.64628604827555,1.65022979293083,2.23268561066096
-2.6510396936887,0.00677400863106863,2.68974213832228
-1.28396098548567,-1.63767178805942,2.76924158455325
0.263388505266454,-3.05191292298784,2.45976881358921
1.77412350423907,-4.03714536722367,1.80454921337104
3.0364387877973,-4.45484831941828,0.895367322357471
3.87331288386351,-4.24629622574638,-0.140262209105579
4.16729230559839,-3.44083744998237,-1.1569797365992
3.87710081590779,-2.15164203649162,-2.01194390680016
3.04327191044909,-0.559947890483719,-2.58499696848459
1.78259140858645,1.11053894574509,-2.79531061473189
0.271736428536188,2.62504017540962,-2.61306652428377
-1.27749984927451,3.77071855651369,-2.06351277574252
-2.64789242515156,4.38648432251438,-1.22348895788795
-3.64725420076718,4.38591543530882,-0.210710038150802
-4.13532425011719,3.7689503037708,0.832734566545462
-4.04366722633057,2.62236919810611,1.76027774279193
-3.3849385660279,1.10721858582425,2.44140612952678
-2.25142808375399,-0.563635657757937,2.78022673888164
-0.802005861102622,-2.15545147309991,2.72872253028754
0.760120564205565,-3.44459078227154,2.29367209793718
2.21589316628356,-4.24993994935935,1.53572610557337
3.36112718030454,-4.45832352469871,0.560956464533053
4.0351576760625,-4.04047920889322,-0.493897377901796
4.14341697893513,-3.0549911338594,-1.48064670839168
3.67059812231177,-1.64026392235947,-2.26065403414419
2.6829053662066,0.00501766952316075,-2.72391511183224
1.31878811292167,1.64979856917009,-2.80491227528795
-0.230475774290899,3.06308172445249,-2.49171094522268
-1.74760492346246,4.04638804101373,-1.82776691991715
-3.0197889988934,4.46150388962686,-0.905914166773111
-3.86854815788832,4.25019744786779,0.14463688609624
-4.17475402409578,3.44202606450154,1.17640607030604
-3.89540069857635,2.15038780821662,2.04427826406414
-3.06960483490236,0.556630738809922,2.62604524596407
-1.81313088462292,-1.11551309469754,2.83941420992648
-0.302199531907317,-2.63128380874798,2.653833244419
1.25125374670095,-3.77787600349171,2.09478660539792
2.62929846529037,-4.39414547498238,1.24028804556736
3.63859561873202,-4.39366735894817,0.210043371563014
4.13745670330086,-3.77635650214781,-0.851356661642636
4.05593531027917,-2.6288487562169,-1.79472171236514
3.40536729439641,-1.11214349399305,-2.48710429116033
2.27697838730111,0.560916044050312,-2.83077850279258
0.829070893043737,2.15551298223211,-2.77685842588647
-0.735221128040205,3.44782032284185,-2.33228177653082
-2.1964107547499,4.25643008407808,-1.55896205492185
-3.3494609626106,4.46770915706971,-0.565108083337409
-4.03256667031521,4.05200825297548,0.509805008123524
-4.14986396857702,3.06758334296736,1.51460952004161
-3.68488169324701,1.65244702316382,2.3079580329044
-2.70282029087901,0.00518399772360215,2.77786942733964
-1.34147246687014,-1.64307531966176,2.8577181924151
0.208121652911451,-3.06102470506832,2.53567400106227
1.72849428205144,-4.04965682294974,1.85642133225508
3.00626861272752,-4.47018811056019,0.914997937194502
3.86211512439338,-4.26349069710728,-0.156539173288702
4.1758877678974,-3.45851094963821,-1.20763771014484
3.90358885877388,-2.16807551520632,-2.09032446037574
3.08342023801189,-0.573218041263893,-2.6802095912147
1.83050341988243,1.10231582472637,-2.893843443588
